[0.000000] (-) TimerEvent: {}
[0.000473] (-) JobUnselected: {'identifier': 'box_detector'}
[0.000721] (-) JobUnselected: {'identifier': 'custom_msg_svrs'}
[0.000790] (-) JobUnselected: {'identifier': 'drive_base_msgs'}
[0.000810] (-) JobUnselected: {'identifier': 'micro_ros_setup'}
[0.000831] (-) JobUnselected: {'identifier': 'plc_chat'}
[0.000845] (-) JobUnselected: {'identifier': 'scara_control'}
[0.000932] (micro_ros_msgs) JobQueued: {'identifier': 'micro_ros_msgs', 'dependencies': OrderedDict()}
[0.000951] (micro_ros_agent) JobQueued: {'identifier': 'micro_ros_agent', 'dependencies': OrderedDict({'micro_ros_msgs': '/home/adrian/Desktop/ROS2_playground/SCARA_robot/software/ros_scara_ws/install/micro_ros_msgs'})}
[0.000973] (micro_ros_msgs) JobStarted: {'identifier': 'micro_ros_msgs'}
[0.008174] (micro_ros_msgs) JobProgress: {'identifier': 'micro_ros_msgs', 'progress': 'cmake'}
[0.008758] (micro_ros_msgs) Command: {'cmd': ['/usr/bin/cmake', '/home/adrian/Desktop/ROS2_playground/SCARA_robot/software/ros_scara_ws/src/uros/micro_ros_msgs', '-DUAGENT_BUILD_EXECUTABLE=OFF', '-DUAGENT_P2P_PROFILE=OFF', '--no-warn-unused-cli', '-DCMAKE_INSTALL_PREFIX=/home/adrian/Desktop/ROS2_playground/SCARA_robot/software/ros_scara_ws/install/micro_ros_msgs'], 'cwd': '/home/adrian/Desktop/ROS2_playground/SCARA_robot/software/ros_scara_ws/build/micro_ros_msgs', 'env': OrderedDict({'TMUX': '/tmp/tmux-1000/default,3223,0', 'LANGUAGE': 'en_US:en', 'USER': 'adrian', 'LC_TIME': 'es_MX.UTF-8', 'GZ_CONFIG_PATH': '/opt/ros/jazzy/opt/gz_sim_vendor/share/gz:/opt/ros/jazzy/opt/sdformat_vendor/share/gz:/opt/ros/jazzy/opt/gz_gui_vendor/share/gz:/opt/ros/jazzy/opt/gz_transport_vendor/share/gz:/opt/ros/jazzy/opt/gz_rendering_vendor/share/gz:/opt/ros/jazzy/opt/gz_plugin_vendor/share/gz:/opt/ros/jazzy/opt/gz_fuel_tools_vendor/share/gz:/opt/ros/jazzy/opt/gz_msgs_vendor/share/gz:/opt/ros/jazzy/opt/gz_common_vendor/share/gz', 'PT8HOME': '/opt/pt', 'XDG_SESSION_TYPE': 'x11', 'GIT_ASKPASS': '/usr/share/code/resources/app/extensions/git/dist/askpass.sh', 'CLUTTER_DISABLE_MIPMAPPED_TEXT': '1', 'SHLVL': '4', 'LD_LIBRARY_PATH': '/home/adrian/Desktop/ROS2_playground/SCARA_robot/software/ros_scara_ws/install/custom_msg_svrs/lib:/opt/ros/jazzy/opt/gz_sim_vendor/lib:/opt/ros/jazzy/opt/gz_sensors_vendor/lib:/opt/ros/jazzy/opt/gz_physics_vendor/lib:/opt/ros/jazzy/opt/sdformat_vendor/lib:/opt/ros/jazzy/opt/rviz_ogre_vendor/lib:/opt/ros/jazzy/lib/x86_64-linux-gnu:/opt/ros/jazzy/opt/gz_gui_vendor/lib:/opt/ros/jazzy/opt/gz_transport_vendor/lib:/opt/ros/jazzy/opt/gz_rendering_vendor/lib:/opt/ros/jazzy/opt/gz_plugin_vendor/lib:/opt/ros/jazzy/opt/gz_fuel_tools_vendor/lib:/opt/ros/jazzy/opt/gz_msgs_vendor/lib:/opt/ros/jazzy/opt/gz_common_vendor/lib:/opt/ros/jazzy/opt/gz_math_vendor/lib:/opt/ros/jazzy/opt/gz_utils_vendor/lib:/opt/ros/jazzy/opt/gz_tools_vendor/lib:/opt/ros/jazzy/opt/gz_ogre_next_vendor/lib:/opt/ros/jazzy/opt/gz_dartsim_vendor/lib:/opt/ros/jazzy/opt/gz_cmake_vendor/lib:/opt/ros/jazzy/lib', 'HOME': '/home/adrian', 'CHROME_DESKTOP': 'code.desktop', 'OLDPWD': '/home/adrian/Desktop/ROS2_playground/SCARA_robot/software', 'TERM_PROGRAM_VERSION': '1.98.0', 'DESKTOP_SESSION': 'ubuntu', 'ROS_PYTHON_VERSION': '3', 'GNOME_SHELL_SESSION_MODE': 'ubuntu', 'GTK_MODULES': 'gail:atk-bridge', 'VSCODE_GIT_ASKPASS_MAIN': '/usr/share/code/resources/app/extensions/git/dist/askpass-main.js', 'LC_MONETARY': 'es_MX.UTF-8', 'VSCODE_GIT_ASKPASS_NODE': '/usr/share/code/code', 'P9K_TTY': 'old', 'PYDEVD_DISABLE_FILE_VALIDATION': '1', 'SYSTEMD_EXEC_PID': '2154', 'BUNDLED_DEBUGPY_PATH': '/home/adrian/.vscode/extensions/ms-python.debugpy-2025.8.0-linux-x64/bundled/libs/debugpy', 'GSM_SKIP_SSH_AGENT_WORKAROUND': 'true', 'DBUS_SESSION_BUS_ADDRESS': 'unix:path=/run/user/1000/bus', 'COLORTERM': 'truecolor', 'ZPFX': '/home/adrian/.local/share/zinit/polaris', 'DEBUGINFOD_URLS': 'https://debuginfod.ubuntu.com', 'COLCON_PREFIX_PATH': '/home/adrian/Desktop/ROS2_playground/SCARA_robot/software/ros_scara_ws/install', 'ROS_DISTRO': 'jazzy', 'LOGNAME': 'adrian', '_P9K_SSH_TTY': '/dev/pts/1', '_': '/usr/bin/colcon', 'ROS_VERSION': '2', 'USER_ZDOTDIR': '/home/adrian', 'MEMORY_PRESSURE_WATCH': '/sys/fs/cgroup/user.slice/user-1000.slice/user@1000.service/session.slice/org.gnome.Shell@x11.service/memory.pressure', 'XDG_SESSION_CLASS': 'user', 'FUNCNEST': '100', 'USERNAME': 'adrian', 'TERM': 'xterm-256color', 'GNOME_DESKTOP_SESSION_ID': 'this-is-deprecated', 'ZSH_CACHE_DIR': '/home/adrian/.cache/zinit', 'PMSPEC': '0uUpiPsf', 'WINDOWPATH': '2', 'PATH': '/home/adrian/.vscode/extensions/ms-python.python-2025.6.1-linux-x64/python_files/deactivate/zsh:/home/adrian/py_ros2/bin:/home/adrian/.vscode/extensions/ms-python.python-2025.6.1-linux-x64/python_files/deactivate/zsh:/home/adrian/py_ros2/bin:/opt/ros/jazzy/opt/gz_msgs_vendor/bin:/opt/ros/jazzy/opt/gz_tools_vendor/bin:/opt/ros/jazzy/opt/gz_ogre_next_vendor/bin:/opt/ros/jazzy/bin:/home/adrian/.local/share/zinit/polaris/bin:/home/adrian/.local/bin:/usr/local/sbin:/usr/local/bin:/usr/sbin:/usr/bin:/sbin:/bin:/usr/games:/usr/local/games:/snap/bin:/snap/bin', 'SESSION_MANAGER': 'local/laptop:@/tmp/.ICE-unix/2111,unix/laptop:/tmp/.ICE-unix/2111', 'PAPERSIZE': 'letter', 'XDG_MENU_PREFIX': 'gnome-', 'LC_ADDRESS': 'es_MX.UTF-8', 'GNOME_TERMINAL_SCREEN': '/org/gnome/Terminal/screen/7339cad8_772e_4bef_82e4_80f6ab1fe53c', 'XDG_RUNTIME_DIR': '/run/user/1000', 'GDK_BACKEND': 'x11', 'DISPLAY': ':0', 'VSCODE_DEBUGPY_ADAPTER_ENDPOINTS': '/home/adrian/.vscode/extensions/ms-python.debugpy-2025.8.0-linux-x64/.noConfigDebugAdapterEndpoints/endpoint-d384532af5ea6b98.txt', 'VSCODE_INJECTION': '1', 'LANG': 'en_US.UTF-8', 'XDG_CURRENT_DESKTOP': 'Unity', 'LC_TELEPHONE': 'es_MX.UTF-8', 'XMODIFIERS': '@im=ibus', 'XDG_SESSION_DESKTOP': 'ubuntu', 'XAUTHORITY': '/run/user/1000/gdm/Xauthority', 'VSCODE_GIT_IPC_HANDLE': '/run/user/1000/vscode-git-961a0a0869.sock', 'GNOME_TERMINAL_SERVICE': ':1.99', 'TERM_PROGRAM': 'vscode', 'SSH_AUTH_SOCK': '/run/user/1000/keyring/ssh', 'ROS_DOMAIN_ID': '0', 'AMENT_PREFIX_PATH': '/home/adrian/Desktop/ROS2_playground/SCARA_robot/software/ros_scara_ws/install/scara_control:/home/adrian/Desktop/ROS2_playground/SCARA_robot/software/ros_scara_ws/install/plc_chat:/home/adrian/Desktop/ROS2_playground/SCARA_robot/software/ros_scara_ws/install/micro_ros_setup:/home/adrian/Desktop/ROS2_playground/SCARA_robot/software/ros_scara_ws/install/custom_msg_svrs:/home/adrian/Desktop/ROS2_playground/SCARA_robot/software/ros_scara_ws/install/box_detector:/opt/ros/jazzy', 'ORIGINAL_XDG_CURRENT_DESKTOP': 'ubuntu:GNOME', 'SHELL': '/bin/zsh', 'LC_NAME': 'es_MX.UTF-8', 'QT_ACCESSIBILITY': '1', 'GIT_DISCOVERY_ACROSS_FILESYSTEM': '1', 'GDMSESSION': 'ubuntu', 'IGN_GAZEBO_RESOURCE_PATH': '/opt/ros/jazzy/share', 'LC_MEASUREMENT': 'es_MX.UTF-8', 'GPG_AGENT_INFO': '/run/user/1000/gnupg/S.gpg-agent:0:1', 'LC_IDENTIFICATION': 'es_MX.UTF-8', 'P9K_SSH': '0', 'ROS_AUTOMATIC_DISCOVERY_RANGE': 'SUBNET', 'VSCODE_GIT_ASKPASS_EXTRA_ARGS': '', 'VSCODE_NONCE': '2f39c552-07d1-43c0-8743-a3d11540787b', 'QT_IM_MODULE': 'ibus', 'PWD': '/home/adrian/Desktop/ROS2_playground/SCARA_robot/software/ros_scara_ws/build/micro_ros_msgs', 'LC_ALL': 'en_US.UTF-8', 'XDG_CONFIG_DIRS': '/etc/xdg/xdg-ubuntu:/etc/xdg', '_P9K_TTY': '/dev/pts/1', 'ZDOTDIR': '/home/adrian', 'XDG_DATA_DIRS': '/usr/share/ubuntu:/usr/share/gnome:/usr/local/share/:/usr/share/:/var/lib/snapd/desktop', 'PYTHONPATH': '/home/adrian/Desktop/ROS2_playground/SCARA_robot/software/ros_scara_ws/install/scara_control/lib/python3.12/site-packages:/home/adrian/Desktop/ROS2_playground/SCARA_robot/software/ros_scara_ws/install/plc_chat/lib/python3.12/site-packages:/home/adrian/Desktop/ROS2_playground/SCARA_robot/software/ros_scara_ws/install/custom_msg_svrs/lib/python3.12/site-packages:/home/adrian/Desktop/ROS2_playground/SCARA_robot/software/ros_scara_ws/install/box_detector/lib/python3.12/site-packages:/opt/ros/jazzy/lib/python3.12/site-packages', 'LC_NUMERIC': 'es_MX.UTF-8', 'TMUX_PLUGIN_MANAGER_PATH': '/home/adrian/.tmux/plugins/', 'LC_PAPER': 'es_MX.UTF-8', 'COLCON': '1', 'MEMORY_PRESSURE_WRITE': 'c29tZSAyMDAwMDAgMjAwMDAwMAA=', 'VTE_VERSION': '7600', 'TMUX_PANE': '%3', 'CMAKE_PREFIX_PATH': '/home/adrian/Desktop/ROS2_playground/SCARA_robot/software/ros_scara_ws/install/micro_ros_setup:/home/adrian/Desktop/ROS2_playground/SCARA_robot/software/ros_scara_ws/install/custom_msg_svrs:/opt/ros/jazzy/opt/gz_sim_vendor:/opt/ros/jazzy/opt/gz_sensors_vendor:/opt/ros/jazzy/opt/gz_physics_vendor:/opt/ros/jazzy/opt/sdformat_vendor:/opt/ros/jazzy/opt/gz_gui_vendor:/opt/ros/jazzy/opt/gz_transport_vendor:/opt/ros/jazzy/opt/gz_rendering_vendor:/opt/ros/jazzy/opt/gz_plugin_vendor:/opt/ros/jazzy/opt/gz_fuel_tools_vendor:/opt/ros/jazzy/opt/gz_msgs_vendor:/opt/ros/jazzy/opt/gz_common_vendor:/opt/ros/jazzy/opt/gz_math_vendor:/opt/ros/jazzy/opt/gz_utils_vendor:/opt/ros/jazzy/opt/gz_tools_vendor:/opt/ros/jazzy/opt/gz_ogre_next_vendor:/opt/ros/jazzy/opt/gz_dartsim_vendor:/opt/ros/jazzy/opt/gz_cmake_vendor:/home/adrian/Desktop/ROS2_playground/SCARA_robot/software/ros_scara_ws/install/scara_control:/home/adrian/Desktop/ROS2_playground/SCARA_robot/software/ros_scara_ws/install/plc_chat:/home/adrian/Desktop/ROS2_playground/SCARA_robot/software/ros_scara_ws/install/box_detector:/opt/ros/jazzy', 'LIBGL_DRIVERS_PATH': '/usr/lib/x86_64-linux-gnu/dri'}), 'shell': False}
[0.018674] (micro_ros_msgs) StdoutLine: {'line': b'Not searching for unused variables given on the command line.\n'}
[0.060346] (micro_ros_msgs) StdoutLine: {'line': b'-- The C compiler identification is GNU 13.3.0\n'}
[0.099904] (-) TimerEvent: {}
[0.108887] (micro_ros_msgs) StdoutLine: {'line': b'-- The CXX compiler identification is GNU 13.3.0\n'}
[0.126453] (micro_ros_msgs) StdoutLine: {'line': b'-- Detecting C compiler ABI info\n'}
[0.199997] (-) TimerEvent: {}
[0.216861] (micro_ros_msgs) StdoutLine: {'line': b'-- Detecting C compiler ABI info - done\n'}
[0.225003] (micro_ros_msgs) StdoutLine: {'line': b'-- Check for working C compiler: /usr/bin/cc - skipped\n'}
[0.225310] (micro_ros_msgs) StdoutLine: {'line': b'-- Detecting C compile features\n'}
[0.225701] (micro_ros_msgs) StdoutLine: {'line': b'-- Detecting C compile features - done\n'}
[0.234655] (micro_ros_msgs) StdoutLine: {'line': b'-- Detecting CXX compiler ABI info\n'}
[0.300091] (-) TimerEvent: {}
[0.330303] (micro_ros_msgs) StdoutLine: {'line': b'-- Detecting CXX compiler ABI info - done\n'}
[0.338559] (micro_ros_msgs) StdoutLine: {'line': b'-- Check for working CXX compiler: /usr/bin/c++ - skipped\n'}
[0.338749] (micro_ros_msgs) StdoutLine: {'line': b'-- Detecting CXX compile features\n'}
[0.339139] (micro_ros_msgs) StdoutLine: {'line': b'-- Detecting CXX compile features - done\n'}
[0.344333] (micro_ros_msgs) StdoutLine: {'line': b'-- Found ament_cmake: 2.5.4 (/opt/ros/jazzy/share/ament_cmake/cmake)\n'}
[0.400190] (-) TimerEvent: {}
[0.495049] (micro_ros_msgs) StdoutLine: {'line': b'-- Found Python3: /home/adrian/py_ros2/bin/python3 (found version "3.12.3") found components: Interpreter \n'}
[0.500276] (-) TimerEvent: {}
[0.600798] (-) TimerEvent: {}
[0.619058] (micro_ros_msgs) StdoutLine: {'line': b'-- Found rosidl_default_generators: 1.6.0 (/opt/ros/jazzy/share/rosidl_default_generators/cmake)\n'}
[0.629272] (micro_ros_msgs) StdoutLine: {'line': b'-- Using all available rosidl_typesupport_c: rosidl_typesupport_fastrtps_c;rosidl_typesupport_introspection_c\n'}
[0.700906] (-) TimerEvent: {}
[0.703868] (micro_ros_msgs) StdoutLine: {'line': b'-- Using all available rosidl_typesupport_cpp: rosidl_typesupport_fastrtps_cpp;rosidl_typesupport_introspection_cpp\n'}
[0.763834] (micro_ros_msgs) StdoutLine: {'line': b'-- Found rosidl_adapter: 4.6.5 (/opt/ros/jazzy/share/rosidl_adapter/cmake)\n'}
[0.769147] (micro_ros_msgs) StdoutLine: {'line': b'-- Found ament_lint_auto: 0.17.2 (/opt/ros/jazzy/share/ament_lint_auto/cmake)\n'}
[0.800991] (-) TimerEvent: {}
[0.901198] (-) TimerEvent: {}
[1.001414] (-) TimerEvent: {}
[1.101669] (-) TimerEvent: {}
[1.201893] (-) TimerEvent: {}
[1.302155] (-) TimerEvent: {}
[1.333348] (micro_ros_msgs) StdoutLine: {'line': b'-- Found ament_cmake_ros: 0.12.0 (/opt/ros/jazzy/share/ament_cmake_ros/cmake)\n'}
[1.402652] (-) TimerEvent: {}
[1.503580] (-) TimerEvent: {}
[1.603786] (-) TimerEvent: {}
[1.704014] (-) TimerEvent: {}
[1.734988] (micro_ros_msgs) StdoutLine: {'line': b'-- Using all available rosidl_typesupport_c: rosidl_typesupport_fastrtps_c;rosidl_typesupport_introspection_c\n'}
[1.804121] (-) TimerEvent: {}
[1.904344] (-) TimerEvent: {}
[2.004573] (-) TimerEvent: {}
[2.104787] (-) TimerEvent: {}
[2.205031] (-) TimerEvent: {}
[2.239974] (micro_ros_msgs) StdoutLine: {'line': b'-- Using all available rosidl_typesupport_cpp: rosidl_typesupport_fastrtps_cpp;rosidl_typesupport_introspection_cpp\n'}
[2.245140] (micro_ros_msgs) StdoutLine: {'line': b'-- Found python_cmake_module: 0.11.1 (/opt/ros/jazzy/share/python_cmake_module/cmake)\n'}
[2.305132] (-) TimerEvent: {}
[2.368678] (micro_ros_msgs) StdoutLine: {'line': b'-- Found PythonExtra: /home/adrian/py_ros2/bin/python3  \n'}
[2.405235] (-) TimerEvent: {}
[2.505464] (-) TimerEvent: {}
[2.605698] (-) TimerEvent: {}
[2.705940] (-) TimerEvent: {}
[2.752177] (micro_ros_msgs) StdoutLine: {'line': b'-- Found Python3: /home/adrian/py_ros2/bin/python3 (found version "3.12.3") found components: Interpreter Development NumPy Development.Module Development.Embed \n'}
[2.782375] (micro_ros_msgs) StdoutLine: {'line': b"-- Added test 'copyright' to check source files copyright and LICENSE\n"}
[2.791415] (micro_ros_msgs) StdoutLine: {'line': b"-- Added test 'lint_cmake' to check CMake code style\n"}
[2.796403] (micro_ros_msgs) StdoutLine: {'line': b"-- Added test 'xmllint' to check XML markup files\n"}
[2.801945] (micro_ros_msgs) StdoutLine: {'line': b'-- Configuring done (2.8s)\n'}
[2.806001] (-) TimerEvent: {}
[2.835859] (micro_ros_msgs) StdoutLine: {'line': b'-- Generating done (0.0s)\n'}
[2.845411] (micro_ros_msgs) StdoutLine: {'line': b'-- Build files have been written to: /home/adrian/Desktop/ROS2_playground/SCARA_robot/software/ros_scara_ws/build/micro_ros_msgs\n'}
[2.854201] (micro_ros_msgs) CommandEnded: {'returncode': 0}
[2.854787] (micro_ros_msgs) JobProgress: {'identifier': 'micro_ros_msgs', 'progress': 'build'}
[2.855419] (micro_ros_msgs) Command: {'cmd': ['/usr/bin/cmake', '--build', '/home/adrian/Desktop/ROS2_playground/SCARA_robot/software/ros_scara_ws/build/micro_ros_msgs', '--', '-j12', '-l12'], 'cwd': '/home/adrian/Desktop/ROS2_playground/SCARA_robot/software/ros_scara_ws/build/micro_ros_msgs', 'env': OrderedDict({'TMUX': '/tmp/tmux-1000/default,3223,0', 'LANGUAGE': 'en_US:en', 'USER': 'adrian', 'LC_TIME': 'es_MX.UTF-8', 'GZ_CONFIG_PATH': '/opt/ros/jazzy/opt/gz_sim_vendor/share/gz:/opt/ros/jazzy/opt/sdformat_vendor/share/gz:/opt/ros/jazzy/opt/gz_gui_vendor/share/gz:/opt/ros/jazzy/opt/gz_transport_vendor/share/gz:/opt/ros/jazzy/opt/gz_rendering_vendor/share/gz:/opt/ros/jazzy/opt/gz_plugin_vendor/share/gz:/opt/ros/jazzy/opt/gz_fuel_tools_vendor/share/gz:/opt/ros/jazzy/opt/gz_msgs_vendor/share/gz:/opt/ros/jazzy/opt/gz_common_vendor/share/gz', 'PT8HOME': '/opt/pt', 'XDG_SESSION_TYPE': 'x11', 'GIT_ASKPASS': '/usr/share/code/resources/app/extensions/git/dist/askpass.sh', 'CLUTTER_DISABLE_MIPMAPPED_TEXT': '1', 'SHLVL': '4', 'LD_LIBRARY_PATH': '/home/adrian/Desktop/ROS2_playground/SCARA_robot/software/ros_scara_ws/install/custom_msg_svrs/lib:/opt/ros/jazzy/opt/gz_sim_vendor/lib:/opt/ros/jazzy/opt/gz_sensors_vendor/lib:/opt/ros/jazzy/opt/gz_physics_vendor/lib:/opt/ros/jazzy/opt/sdformat_vendor/lib:/opt/ros/jazzy/opt/rviz_ogre_vendor/lib:/opt/ros/jazzy/lib/x86_64-linux-gnu:/opt/ros/jazzy/opt/gz_gui_vendor/lib:/opt/ros/jazzy/opt/gz_transport_vendor/lib:/opt/ros/jazzy/opt/gz_rendering_vendor/lib:/opt/ros/jazzy/opt/gz_plugin_vendor/lib:/opt/ros/jazzy/opt/gz_fuel_tools_vendor/lib:/opt/ros/jazzy/opt/gz_msgs_vendor/lib:/opt/ros/jazzy/opt/gz_common_vendor/lib:/opt/ros/jazzy/opt/gz_math_vendor/lib:/opt/ros/jazzy/opt/gz_utils_vendor/lib:/opt/ros/jazzy/opt/gz_tools_vendor/lib:/opt/ros/jazzy/opt/gz_ogre_next_vendor/lib:/opt/ros/jazzy/opt/gz_dartsim_vendor/lib:/opt/ros/jazzy/opt/gz_cmake_vendor/lib:/opt/ros/jazzy/lib', 'HOME': '/home/adrian', 'CHROME_DESKTOP': 'code.desktop', 'OLDPWD': '/home/adrian/Desktop/ROS2_playground/SCARA_robot/software', 'TERM_PROGRAM_VERSION': '1.98.0', 'DESKTOP_SESSION': 'ubuntu', 'ROS_PYTHON_VERSION': '3', 'GNOME_SHELL_SESSION_MODE': 'ubuntu', 'GTK_MODULES': 'gail:atk-bridge', 'VSCODE_GIT_ASKPASS_MAIN': '/usr/share/code/resources/app/extensions/git/dist/askpass-main.js', 'LC_MONETARY': 'es_MX.UTF-8', 'VSCODE_GIT_ASKPASS_NODE': '/usr/share/code/code', 'P9K_TTY': 'old', 'PYDEVD_DISABLE_FILE_VALIDATION': '1', 'SYSTEMD_EXEC_PID': '2154', 'BUNDLED_DEBUGPY_PATH': '/home/adrian/.vscode/extensions/ms-python.debugpy-2025.8.0-linux-x64/bundled/libs/debugpy', 'GSM_SKIP_SSH_AGENT_WORKAROUND': 'true', 'DBUS_SESSION_BUS_ADDRESS': 'unix:path=/run/user/1000/bus', 'COLORTERM': 'truecolor', 'ZPFX': '/home/adrian/.local/share/zinit/polaris', 'DEBUGINFOD_URLS': 'https://debuginfod.ubuntu.com', 'COLCON_PREFIX_PATH': '/home/adrian/Desktop/ROS2_playground/SCARA_robot/software/ros_scara_ws/install', 'ROS_DISTRO': 'jazzy', 'LOGNAME': 'adrian', '_P9K_SSH_TTY': '/dev/pts/1', '_': '/usr/bin/colcon', 'ROS_VERSION': '2', 'USER_ZDOTDIR': '/home/adrian', 'MEMORY_PRESSURE_WATCH': '/sys/fs/cgroup/user.slice/user-1000.slice/user@1000.service/session.slice/org.gnome.Shell@x11.service/memory.pressure', 'XDG_SESSION_CLASS': 'user', 'FUNCNEST': '100', 'USERNAME': 'adrian', 'TERM': 'xterm-256color', 'GNOME_DESKTOP_SESSION_ID': 'this-is-deprecated', 'ZSH_CACHE_DIR': '/home/adrian/.cache/zinit', 'PMSPEC': '0uUpiPsf', 'WINDOWPATH': '2', 'PATH': '/home/adrian/.vscode/extensions/ms-python.python-2025.6.1-linux-x64/python_files/deactivate/zsh:/home/adrian/py_ros2/bin:/home/adrian/.vscode/extensions/ms-python.python-2025.6.1-linux-x64/python_files/deactivate/zsh:/home/adrian/py_ros2/bin:/opt/ros/jazzy/opt/gz_msgs_vendor/bin:/opt/ros/jazzy/opt/gz_tools_vendor/bin:/opt/ros/jazzy/opt/gz_ogre_next_vendor/bin:/opt/ros/jazzy/bin:/home/adrian/.local/share/zinit/polaris/bin:/home/adrian/.local/bin:/usr/local/sbin:/usr/local/bin:/usr/sbin:/usr/bin:/sbin:/bin:/usr/games:/usr/local/games:/snap/bin:/snap/bin', 'SESSION_MANAGER': 'local/laptop:@/tmp/.ICE-unix/2111,unix/laptop:/tmp/.ICE-unix/2111', 'PAPERSIZE': 'letter', 'XDG_MENU_PREFIX': 'gnome-', 'LC_ADDRESS': 'es_MX.UTF-8', 'GNOME_TERMINAL_SCREEN': '/org/gnome/Terminal/screen/7339cad8_772e_4bef_82e4_80f6ab1fe53c', 'XDG_RUNTIME_DIR': '/run/user/1000', 'GDK_BACKEND': 'x11', 'DISPLAY': ':0', 'VSCODE_DEBUGPY_ADAPTER_ENDPOINTS': '/home/adrian/.vscode/extensions/ms-python.debugpy-2025.8.0-linux-x64/.noConfigDebugAdapterEndpoints/endpoint-d384532af5ea6b98.txt', 'VSCODE_INJECTION': '1', 'LANG': 'en_US.UTF-8', 'XDG_CURRENT_DESKTOP': 'Unity', 'LC_TELEPHONE': 'es_MX.UTF-8', 'XMODIFIERS': '@im=ibus', 'XDG_SESSION_DESKTOP': 'ubuntu', 'XAUTHORITY': '/run/user/1000/gdm/Xauthority', 'VSCODE_GIT_IPC_HANDLE': '/run/user/1000/vscode-git-961a0a0869.sock', 'GNOME_TERMINAL_SERVICE': ':1.99', 'TERM_PROGRAM': 'vscode', 'SSH_AUTH_SOCK': '/run/user/1000/keyring/ssh', 'ROS_DOMAIN_ID': '0', 'AMENT_PREFIX_PATH': '/home/adrian/Desktop/ROS2_playground/SCARA_robot/software/ros_scara_ws/install/scara_control:/home/adrian/Desktop/ROS2_playground/SCARA_robot/software/ros_scara_ws/install/plc_chat:/home/adrian/Desktop/ROS2_playground/SCARA_robot/software/ros_scara_ws/install/micro_ros_setup:/home/adrian/Desktop/ROS2_playground/SCARA_robot/software/ros_scara_ws/install/custom_msg_svrs:/home/adrian/Desktop/ROS2_playground/SCARA_robot/software/ros_scara_ws/install/box_detector:/opt/ros/jazzy', 'ORIGINAL_XDG_CURRENT_DESKTOP': 'ubuntu:GNOME', 'SHELL': '/bin/zsh', 'LC_NAME': 'es_MX.UTF-8', 'QT_ACCESSIBILITY': '1', 'GIT_DISCOVERY_ACROSS_FILESYSTEM': '1', 'GDMSESSION': 'ubuntu', 'IGN_GAZEBO_RESOURCE_PATH': '/opt/ros/jazzy/share', 'LC_MEASUREMENT': 'es_MX.UTF-8', 'GPG_AGENT_INFO': '/run/user/1000/gnupg/S.gpg-agent:0:1', 'LC_IDENTIFICATION': 'es_MX.UTF-8', 'P9K_SSH': '0', 'ROS_AUTOMATIC_DISCOVERY_RANGE': 'SUBNET', 'VSCODE_GIT_ASKPASS_EXTRA_ARGS': '', 'VSCODE_NONCE': '2f39c552-07d1-43c0-8743-a3d11540787b', 'QT_IM_MODULE': 'ibus', 'PWD': '/home/adrian/Desktop/ROS2_playground/SCARA_robot/software/ros_scara_ws/build/micro_ros_msgs', 'LC_ALL': 'en_US.UTF-8', 'XDG_CONFIG_DIRS': '/etc/xdg/xdg-ubuntu:/etc/xdg', '_P9K_TTY': '/dev/pts/1', 'ZDOTDIR': '/home/adrian', 'XDG_DATA_DIRS': '/usr/share/ubuntu:/usr/share/gnome:/usr/local/share/:/usr/share/:/var/lib/snapd/desktop', 'PYTHONPATH': '/home/adrian/Desktop/ROS2_playground/SCARA_robot/software/ros_scara_ws/install/scara_control/lib/python3.12/site-packages:/home/adrian/Desktop/ROS2_playground/SCARA_robot/software/ros_scara_ws/install/plc_chat/lib/python3.12/site-packages:/home/adrian/Desktop/ROS2_playground/SCARA_robot/software/ros_scara_ws/install/custom_msg_svrs/lib/python3.12/site-packages:/home/adrian/Desktop/ROS2_playground/SCARA_robot/software/ros_scara_ws/install/box_detector/lib/python3.12/site-packages:/opt/ros/jazzy/lib/python3.12/site-packages', 'LC_NUMERIC': 'es_MX.UTF-8', 'TMUX_PLUGIN_MANAGER_PATH': '/home/adrian/.tmux/plugins/', 'LC_PAPER': 'es_MX.UTF-8', 'COLCON': '1', 'MEMORY_PRESSURE_WRITE': 'c29tZSAyMDAwMDAgMjAwMDAwMAA=', 'VTE_VERSION': '7600', 'TMUX_PANE': '%3', 'CMAKE_PREFIX_PATH': '/home/adrian/Desktop/ROS2_playground/SCARA_robot/software/ros_scara_ws/install/micro_ros_setup:/home/adrian/Desktop/ROS2_playground/SCARA_robot/software/ros_scara_ws/install/custom_msg_svrs:/opt/ros/jazzy/opt/gz_sim_vendor:/opt/ros/jazzy/opt/gz_sensors_vendor:/opt/ros/jazzy/opt/gz_physics_vendor:/opt/ros/jazzy/opt/sdformat_vendor:/opt/ros/jazzy/opt/gz_gui_vendor:/opt/ros/jazzy/opt/gz_transport_vendor:/opt/ros/jazzy/opt/gz_rendering_vendor:/opt/ros/jazzy/opt/gz_plugin_vendor:/opt/ros/jazzy/opt/gz_fuel_tools_vendor:/opt/ros/jazzy/opt/gz_msgs_vendor:/opt/ros/jazzy/opt/gz_common_vendor:/opt/ros/jazzy/opt/gz_math_vendor:/opt/ros/jazzy/opt/gz_utils_vendor:/opt/ros/jazzy/opt/gz_tools_vendor:/opt/ros/jazzy/opt/gz_ogre_next_vendor:/opt/ros/jazzy/opt/gz_dartsim_vendor:/opt/ros/jazzy/opt/gz_cmake_vendor:/home/adrian/Desktop/ROS2_playground/SCARA_robot/software/ros_scara_ws/install/scara_control:/home/adrian/Desktop/ROS2_playground/SCARA_robot/software/ros_scara_ws/install/plc_chat:/home/adrian/Desktop/ROS2_playground/SCARA_robot/software/ros_scara_ws/install/box_detector:/opt/ros/jazzy', 'LIBGL_DRIVERS_PATH': '/usr/lib/x86_64-linux-gnu/dri'}), 'shell': False}
[2.906125] (-) TimerEvent: {}
[2.909929] (micro_ros_msgs) StdoutLine: {'line': b'[  1%] \x1b[34m\x1b[1mGenerating type hashes for ROS interfaces\x1b[0m\n'}
[2.920200] (micro_ros_msgs) StdoutLine: {'line': b'[  1%] Built target ament_cmake_python_copy_micro_ros_msgs\n'}
[3.006229] (-) TimerEvent: {}
[3.106539] (-) TimerEvent: {}
[3.136982] (micro_ros_msgs) StdoutLine: {'line': b'[  1%] Built target micro_ros_msgs__rosidl_generator_type_description\n'}
[3.148456] (micro_ros_msgs) StdoutLine: {'line': b'[  3%] \x1b[34m\x1b[1mGenerating C code for ROS interfaces\x1b[0m\n'}
[3.159863] (micro_ros_msgs) StdoutLine: {'line': b'[  5%] \x1b[34m\x1b[1mGenerating C++ code for ROS interfaces\x1b[0m\n'}
[3.199695] (micro_ros_msgs) StdoutLine: {'line': b'running egg_info\n'}
[3.200518] (micro_ros_msgs) StdoutLine: {'line': b'creating micro_ros_msgs.egg-info\n'}
[3.206607] (-) TimerEvent: {}
[3.231033] (micro_ros_msgs) StdoutLine: {'line': b'writing micro_ros_msgs.egg-info/PKG-INFO\n'}
[3.231656] (micro_ros_msgs) StdoutLine: {'line': b'writing dependency_links to micro_ros_msgs.egg-info/dependency_links.txt\n'}
[3.231811] (micro_ros_msgs) StdoutLine: {'line': b'writing top-level names to micro_ros_msgs.egg-info/top_level.txt\n'}
[3.231900] (micro_ros_msgs) StdoutLine: {'line': b"writing manifest file 'micro_ros_msgs.egg-info/SOURCES.txt'\n"}
[3.306744] (-) TimerEvent: {}
[3.318299] (micro_ros_msgs) StdoutLine: {'line': b"reading manifest file 'micro_ros_msgs.egg-info/SOURCES.txt'\n"}
[3.318759] (micro_ros_msgs) StdoutLine: {'line': b"writing manifest file 'micro_ros_msgs.egg-info/SOURCES.txt'\n"}
[3.349451] (micro_ros_msgs) StdoutLine: {'line': b'[  5%] Built target ament_cmake_python_build_micro_ros_msgs_egg\n'}
[3.406849] (-) TimerEvent: {}
[3.457537] (micro_ros_msgs) StdoutLine: {'line': b'[  5%] Built target micro_ros_msgs__cpp\n'}
[3.497661] (micro_ros_msgs) StdoutLine: {'line': b'[  7%] \x1b[32mBuilding C object CMakeFiles/micro_ros_msgs__rosidl_generator_c.dir/rosidl_generator_c/micro_ros_msgs/msg/detail/node__description.c.o\x1b[0m\n'}
[3.498060] (micro_ros_msgs) StdoutLine: {'line': b'[  9%] \x1b[32mBuilding C object CMakeFiles/micro_ros_msgs__rosidl_generator_c.dir/rosidl_generator_c/micro_ros_msgs/msg/detail/graph__description.c.o\x1b[0m\n'}
[3.498207] (micro_ros_msgs) StdoutLine: {'line': b'[ 11%] \x1b[32mBuilding C object CMakeFiles/micro_ros_msgs__rosidl_generator_c.dir/rosidl_generator_c/micro_ros_msgs/msg/detail/graph__functions.c.o\x1b[0m\n'}
[3.498324] (micro_ros_msgs) StdoutLine: {'line': b'[ 12%] \x1b[32mBuilding C object CMakeFiles/micro_ros_msgs__rosidl_generator_c.dir/rosidl_generator_c/micro_ros_msgs/msg/detail/graph__type_support.c.o\x1b[0m\n'}
[3.498432] (micro_ros_msgs) StdoutLine: {'line': b'[ 14%] \x1b[32mBuilding C object CMakeFiles/micro_ros_msgs__rosidl_generator_c.dir/rosidl_generator_c/micro_ros_msgs/msg/detail/node__functions.c.o\x1b[0m\n'}
[3.499159] (micro_ros_msgs) StdoutLine: {'line': b'[ 16%] \x1b[32mBuilding C object CMakeFiles/micro_ros_msgs__rosidl_generator_c.dir/rosidl_generator_c/micro_ros_msgs/msg/detail/node__type_support.c.o\x1b[0m\n'}
[3.499322] (micro_ros_msgs) StdoutLine: {'line': b'[ 18%] \x1b[32mBuilding C object CMakeFiles/micro_ros_msgs__rosidl_generator_c.dir/rosidl_generator_c/micro_ros_msgs/msg/detail/entity__functions.c.o\x1b[0m\n'}
[3.499482] (micro_ros_msgs) StdoutLine: {'line': b'[ 20%] \x1b[32mBuilding C object CMakeFiles/micro_ros_msgs__rosidl_generator_c.dir/rosidl_generator_c/micro_ros_msgs/msg/detail/entity__description.c.o\x1b[0m\n'}
[3.500062] (micro_ros_msgs) StdoutLine: {'line': b'[ 22%] \x1b[32mBuilding C object CMakeFiles/micro_ros_msgs__rosidl_generator_c.dir/rosidl_generator_c/micro_ros_msgs/msg/detail/entity__type_support.c.o\x1b[0m\n'}
[3.508691] (-) TimerEvent: {}
[3.552948] (micro_ros_msgs) StdoutLine: {'line': b'[ 24%] \x1b[32m\x1b[1mLinking C shared library libmicro_ros_msgs__rosidl_generator_c.so\x1b[0m\n'}
[3.591148] (micro_ros_msgs) StdoutLine: {'line': b'[ 24%] Built target micro_ros_msgs__rosidl_generator_c\n'}
[3.602695] (micro_ros_msgs) StdoutLine: {'line': b'[ 27%] \x1b[34m\x1b[1mGenerating C++ introspection for ROS interfaces\x1b[0m\n'}
[3.602973] (micro_ros_msgs) StdoutLine: {'line': b'[ 27%] \x1b[34m\x1b[1mGenerating C++ type support dispatch for ROS interfaces\x1b[0m\n'}
[3.603078] (micro_ros_msgs) StdoutLine: {'line': b'[ 35%] \x1b[34m\x1b[1mGenerating C++ type support for eProsima Fast-RTPS\x1b[0m\n'}
[3.603173] (micro_ros_msgs) StdoutLine: {'line': b'[ 35%] \x1b[34m\x1b[1mGenerating C introspection for ROS interfaces\x1b[0m\n'}
[3.603265] (micro_ros_msgs) StdoutLine: {'line': b'[ 35%] \x1b[34m\x1b[1mGenerating C type support dispatch for ROS interfaces\x1b[0m\n'}
[3.603357] (micro_ros_msgs) StdoutLine: {'line': b'[ 35%] \x1b[34m\x1b[1mGenerating C type support for eProsima Fast-RTPS\x1b[0m\n'}
[3.608776] (-) TimerEvent: {}
[3.709052] (-) TimerEvent: {}
[3.809314] (-) TimerEvent: {}
[3.896068] (micro_ros_msgs) StdoutLine: {'line': b'[ 37%] \x1b[32mBuilding CXX object CMakeFiles/micro_ros_msgs__rosidl_typesupport_c.dir/rosidl_typesupport_c/micro_ros_msgs/msg/node__type_support.cpp.o\x1b[0m\n'}
[3.898899] (micro_ros_msgs) StdoutLine: {'line': b'[ 38%] \x1b[32mBuilding CXX object CMakeFiles/micro_ros_msgs__rosidl_typesupport_c.dir/rosidl_typesupport_c/micro_ros_msgs/msg/entity__type_support.cpp.o\x1b[0m\n'}
[3.899075] (micro_ros_msgs) StdoutLine: {'line': b'[ 40%] \x1b[32mBuilding CXX object CMakeFiles/micro_ros_msgs__rosidl_typesupport_c.dir/rosidl_typesupport_c/micro_ros_msgs/msg/graph__type_support.cpp.o\x1b[0m\n'}
[3.911553] (-) TimerEvent: {}
[3.912255] (micro_ros_msgs) StdoutLine: {'line': b'[ 42%] \x1b[32mBuilding CXX object CMakeFiles/micro_ros_msgs__rosidl_typesupport_introspection_cpp.dir/rosidl_typesupport_introspection_cpp/micro_ros_msgs/msg/detail/graph__type_support.cpp.o\x1b[0m\n'}
[3.920927] (micro_ros_msgs) StdoutLine: {'line': b'[ 44%] \x1b[32mBuilding CXX object CMakeFiles/micro_ros_msgs__rosidl_typesupport_introspection_cpp.dir/rosidl_typesupport_introspection_cpp/micro_ros_msgs/msg/detail/node__type_support.cpp.o\x1b[0m\n'}
[3.926303] (micro_ros_msgs) StdoutLine: {'line': b'[ 46%] \x1b[32mBuilding CXX object CMakeFiles/micro_ros_msgs__rosidl_typesupport_introspection_cpp.dir/rosidl_typesupport_introspection_cpp/micro_ros_msgs/msg/detail/entity__type_support.cpp.o\x1b[0m\n'}
[3.958533] (micro_ros_msgs) StdoutLine: {'line': b'[ 48%] \x1b[32mBuilding C object CMakeFiles/micro_ros_msgs__rosidl_typesupport_introspection_c.dir/rosidl_typesupport_introspection_c/micro_ros_msgs/msg/detail/graph__type_support.c.o\x1b[0m\n'}
[3.958820] (micro_ros_msgs) StdoutLine: {'line': b'[ 50%] \x1b[32mBuilding C object CMakeFiles/micro_ros_msgs__rosidl_typesupport_introspection_c.dir/rosidl_typesupport_introspection_c/micro_ros_msgs/msg/detail/entity__type_support.c.o\x1b[0m\n'}
[3.960670] (micro_ros_msgs) StdoutLine: {'line': b'[ 53%] \x1b[32mBuilding CXX object CMakeFiles/micro_ros_msgs__rosidl_typesupport_cpp.dir/rosidl_typesupport_cpp/micro_ros_msgs/msg/graph__type_support.cpp.o\x1b[0m\n'}
[3.960929] (micro_ros_msgs) StdoutLine: {'line': b'[ 53%] \x1b[32mBuilding CXX object CMakeFiles/micro_ros_msgs__rosidl_typesupport_cpp.dir/rosidl_typesupport_cpp/micro_ros_msgs/msg/node__type_support.cpp.o\x1b[0m\n'}
[3.966046] (micro_ros_msgs) StdoutLine: {'line': b'[ 57%] \x1b[32mBuilding CXX object CMakeFiles/micro_ros_msgs__rosidl_typesupport_cpp.dir/rosidl_typesupport_cpp/micro_ros_msgs/msg/entity__type_support.cpp.o\x1b[0m\n'}
[3.966346] (micro_ros_msgs) StdoutLine: {'line': b'[ 57%] \x1b[32mBuilding C object CMakeFiles/micro_ros_msgs__rosidl_typesupport_introspection_c.dir/rosidl_typesupport_introspection_c/micro_ros_msgs/msg/detail/node__type_support.c.o\x1b[0m\n'}
[3.978289] (micro_ros_msgs) StdoutLine: {'line': b'[ 59%] \x1b[32m\x1b[1mLinking CXX shared library libmicro_ros_msgs__rosidl_typesupport_c.so\x1b[0m\n'}
[4.011677] (-) TimerEvent: {}
[4.045255] (micro_ros_msgs) StdoutLine: {'line': b'[ 59%] Built target micro_ros_msgs__rosidl_typesupport_c\n'}
[4.047852] (micro_ros_msgs) StdoutLine: {'line': b'[ 61%] \x1b[32m\x1b[1mLinking C shared library libmicro_ros_msgs__rosidl_typesupport_introspection_c.so\x1b[0m\n'}
[4.059432] (micro_ros_msgs) StdoutLine: {'line': b'[ 64%] \x1b[32mBuilding CXX object CMakeFiles/micro_ros_msgs__rosidl_typesupport_fastrtps_cpp.dir/rosidl_typesupport_fastrtps_cpp/micro_ros_msgs/msg/detail/dds_fastrtps/node__type_support.cpp.o\x1b[0m\n'}
[4.059999] (micro_ros_msgs) StdoutLine: {'line': b'[ 66%] \x1b[32mBuilding CXX object CMakeFiles/micro_ros_msgs__rosidl_typesupport_fastrtps_cpp.dir/rosidl_typesupport_fastrtps_cpp/micro_ros_msgs/msg/detail/dds_fastrtps/graph__type_support.cpp.o\x1b[0m\n'}
[4.060994] (micro_ros_msgs) StdoutLine: {'line': b'[ 64%] \x1b[32mBuilding CXX object CMakeFiles/micro_ros_msgs__rosidl_typesupport_fastrtps_cpp.dir/rosidl_typesupport_fastrtps_cpp/micro_ros_msgs/msg/detail/dds_fastrtps/entity__type_support.cpp.o\x1b[0m\n'}
[4.080078] (micro_ros_msgs) StdoutLine: {'line': b'[ 68%] \x1b[32mBuilding CXX object CMakeFiles/micro_ros_msgs__rosidl_typesupport_fastrtps_c.dir/rosidl_typesupport_fastrtps_c/micro_ros_msgs/msg/detail/graph__type_support_c.cpp.o\x1b[0m\n'}
[4.091298] (micro_ros_msgs) StdoutLine: {'line': b'[ 70%] \x1b[32mBuilding CXX object CMakeFiles/micro_ros_msgs__rosidl_typesupport_fastrtps_c.dir/rosidl_typesupport_fastrtps_c/micro_ros_msgs/msg/detail/node__type_support_c.cpp.o\x1b[0m\n'}
[4.107566] (micro_ros_msgs) StdoutLine: {'line': b'[ 70%] Built target micro_ros_msgs__rosidl_typesupport_introspection_c\n'}
[4.111781] (-) TimerEvent: {}
[4.125552] (micro_ros_msgs) StdoutLine: {'line': b'[ 72%] \x1b[32mBuilding CXX object CMakeFiles/micro_ros_msgs__rosidl_typesupport_fastrtps_c.dir/rosidl_typesupport_fastrtps_c/micro_ros_msgs/msg/detail/entity__type_support_c.cpp.o\x1b[0m\n'}
[4.211911] (-) TimerEvent: {}
[4.312299] (-) TimerEvent: {}
[4.415111] (-) TimerEvent: {}
[4.421575] (micro_ros_msgs) StdoutLine: {'line': b'[ 74%] \x1b[32m\x1b[1mLinking CXX shared library libmicro_ros_msgs__rosidl_typesupport_cpp.so\x1b[0m\n'}
[4.502218] (micro_ros_msgs) StdoutLine: {'line': b'[ 74%] Built target micro_ros_msgs__rosidl_typesupport_cpp\n'}
[4.515198] (-) TimerEvent: {}
[4.591708] (micro_ros_msgs) StdoutLine: {'line': b'[ 75%] \x1b[32m\x1b[1mLinking CXX shared library libmicro_ros_msgs__rosidl_typesupport_introspection_cpp.so\x1b[0m\n'}
[4.615595] (-) TimerEvent: {}
[4.715948] (-) TimerEvent: {}
[4.719105] (micro_ros_msgs) StdoutLine: {'line': b'[ 75%] Built target micro_ros_msgs__rosidl_typesupport_introspection_cpp\n'}
[4.737465] (micro_ros_msgs) StdoutLine: {'line': b'[ 77%] \x1b[32m\x1b[1mLinking CXX shared library libmicro_ros_msgs__rosidl_typesupport_fastrtps_cpp.so\x1b[0m\n'}
[4.762664] (micro_ros_msgs) StdoutLine: {'line': b'[ 79%] \x1b[32m\x1b[1mLinking CXX shared library libmicro_ros_msgs__rosidl_typesupport_fastrtps_c.so\x1b[0m\n'}
[4.808221] (micro_ros_msgs) StdoutLine: {'line': b'[ 79%] Built target micro_ros_msgs__rosidl_typesupport_fastrtps_cpp\n'}
[4.816046] (-) TimerEvent: {}
[4.836337] (micro_ros_msgs) StdoutLine: {'line': b'[ 79%] Built target micro_ros_msgs__rosidl_typesupport_fastrtps_c\n'}
[4.859369] (micro_ros_msgs) StdoutLine: {'line': b'[ 79%] Built target micro_ros_msgs\n'}
[4.882267] (micro_ros_msgs) StdoutLine: {'line': b'[ 81%] \x1b[34m\x1b[1mGenerating Python code for ROS interfaces\x1b[0m\n'}
[4.916146] (-) TimerEvent: {}
[5.016388] (-) TimerEvent: {}
[5.116700] (-) TimerEvent: {}
[5.216948] (-) TimerEvent: {}
[5.237692] (micro_ros_msgs) StdoutLine: {'line': b'[ 81%] Built target micro_ros_msgs__py\n'}
[5.261015] (micro_ros_msgs) StdoutLine: {'line': b'[ 87%] \x1b[32mBuilding C object CMakeFiles/micro_ros_msgs__rosidl_generator_py.dir/rosidl_generator_py/micro_ros_msgs/msg/_graph_s.c.o\x1b[0m\n'}
[5.261232] (micro_ros_msgs) StdoutLine: {'line': b'[ 87%] \x1b[32mBuilding C object CMakeFiles/micro_ros_msgs__rosidl_generator_py.dir/rosidl_generator_py/micro_ros_msgs/msg/_node_s.c.o\x1b[0m\n'}
[5.261333] (micro_ros_msgs) StdoutLine: {'line': b'[ 87%] \x1b[32mBuilding C object CMakeFiles/micro_ros_msgs__rosidl_generator_py.dir/rosidl_generator_py/micro_ros_msgs/msg/_entity_s.c.o\x1b[0m\n'}
[5.317053] (-) TimerEvent: {}
[5.364729] (micro_ros_msgs) StdoutLine: {'line': b'[ 88%] \x1b[32m\x1b[1mLinking C shared library libmicro_ros_msgs__rosidl_generator_py.so\x1b[0m\n'}
[5.405804] (micro_ros_msgs) StdoutLine: {'line': b'[ 88%] Built target micro_ros_msgs__rosidl_generator_py\n'}
[5.417153] (-) TimerEvent: {}
[5.434627] (micro_ros_msgs) StdoutLine: {'line': b'[ 92%] \x1b[32mBuilding C object CMakeFiles/micro_ros_msgs_s__rosidl_typesupport_introspection_c.dir/rosidl_generator_py/micro_ros_msgs/_micro_ros_msgs_s.ep.rosidl_typesupport_introspection_c.c.o\x1b[0m\n'}
[5.434869] (micro_ros_msgs) StdoutLine: {'line': b'[ 92%] \x1b[32mBuilding C object CMakeFiles/micro_ros_msgs_s__rosidl_typesupport_c.dir/rosidl_generator_py/micro_ros_msgs/_micro_ros_msgs_s.ep.rosidl_typesupport_c.c.o\x1b[0m\n'}
[5.434981] (micro_ros_msgs) StdoutLine: {'line': b'[ 94%] \x1b[32mBuilding C object CMakeFiles/micro_ros_msgs_s__rosidl_typesupport_fastrtps_c.dir/rosidl_generator_py/micro_ros_msgs/_micro_ros_msgs_s.ep.rosidl_typesupport_fastrtps_c.c.o\x1b[0m\n'}
[5.517257] (-) TimerEvent: {}
[5.528815] (micro_ros_msgs) StdoutLine: {'line': b'[ 96%] \x1b[32m\x1b[1mLinking C shared module rosidl_generator_py/micro_ros_msgs/micro_ros_msgs_s__rosidl_typesupport_c.so\x1b[0m\n'}
[5.532442] (micro_ros_msgs) StdoutLine: {'line': b'[ 98%] \x1b[32m\x1b[1mLinking C shared module rosidl_generator_py/micro_ros_msgs/micro_ros_msgs_s__rosidl_typesupport_introspection_c.so\x1b[0m\n'}
[5.537569] (micro_ros_msgs) StdoutLine: {'line': b'[100%] \x1b[32m\x1b[1mLinking C shared module rosidl_generator_py/micro_ros_msgs/micro_ros_msgs_s__rosidl_typesupport_fastrtps_c.so\x1b[0m\n'}
[5.560678] (micro_ros_msgs) StdoutLine: {'line': b'[100%] Built target micro_ros_msgs_s__rosidl_typesupport_c\n'}
[5.564278] (micro_ros_msgs) StdoutLine: {'line': b'[100%] Built target micro_ros_msgs_s__rosidl_typesupport_introspection_c\n'}
[5.568780] (micro_ros_msgs) StdoutLine: {'line': b'[100%] Built target micro_ros_msgs_s__rosidl_typesupport_fastrtps_c\n'}
[5.582148] (micro_ros_msgs) CommandEnded: {'returncode': 0}
[5.582813] (micro_ros_msgs) JobProgress: {'identifier': 'micro_ros_msgs', 'progress': 'install'}
[5.592384] (micro_ros_msgs) Command: {'cmd': ['/usr/bin/cmake', '--install', '/home/adrian/Desktop/ROS2_playground/SCARA_robot/software/ros_scara_ws/build/micro_ros_msgs'], 'cwd': '/home/adrian/Desktop/ROS2_playground/SCARA_robot/software/ros_scara_ws/build/micro_ros_msgs', 'env': OrderedDict({'TMUX': '/tmp/tmux-1000/default,3223,0', 'LANGUAGE': 'en_US:en', 'USER': 'adrian', 'LC_TIME': 'es_MX.UTF-8', 'GZ_CONFIG_PATH': '/opt/ros/jazzy/opt/gz_sim_vendor/share/gz:/opt/ros/jazzy/opt/sdformat_vendor/share/gz:/opt/ros/jazzy/opt/gz_gui_vendor/share/gz:/opt/ros/jazzy/opt/gz_transport_vendor/share/gz:/opt/ros/jazzy/opt/gz_rendering_vendor/share/gz:/opt/ros/jazzy/opt/gz_plugin_vendor/share/gz:/opt/ros/jazzy/opt/gz_fuel_tools_vendor/share/gz:/opt/ros/jazzy/opt/gz_msgs_vendor/share/gz:/opt/ros/jazzy/opt/gz_common_vendor/share/gz', 'PT8HOME': '/opt/pt', 'XDG_SESSION_TYPE': 'x11', 'GIT_ASKPASS': '/usr/share/code/resources/app/extensions/git/dist/askpass.sh', 'CLUTTER_DISABLE_MIPMAPPED_TEXT': '1', 'SHLVL': '4', 'LD_LIBRARY_PATH': '/home/adrian/Desktop/ROS2_playground/SCARA_robot/software/ros_scara_ws/install/custom_msg_svrs/lib:/opt/ros/jazzy/opt/gz_sim_vendor/lib:/opt/ros/jazzy/opt/gz_sensors_vendor/lib:/opt/ros/jazzy/opt/gz_physics_vendor/lib:/opt/ros/jazzy/opt/sdformat_vendor/lib:/opt/ros/jazzy/opt/rviz_ogre_vendor/lib:/opt/ros/jazzy/lib/x86_64-linux-gnu:/opt/ros/jazzy/opt/gz_gui_vendor/lib:/opt/ros/jazzy/opt/gz_transport_vendor/lib:/opt/ros/jazzy/opt/gz_rendering_vendor/lib:/opt/ros/jazzy/opt/gz_plugin_vendor/lib:/opt/ros/jazzy/opt/gz_fuel_tools_vendor/lib:/opt/ros/jazzy/opt/gz_msgs_vendor/lib:/opt/ros/jazzy/opt/gz_common_vendor/lib:/opt/ros/jazzy/opt/gz_math_vendor/lib:/opt/ros/jazzy/opt/gz_utils_vendor/lib:/opt/ros/jazzy/opt/gz_tools_vendor/lib:/opt/ros/jazzy/opt/gz_ogre_next_vendor/lib:/opt/ros/jazzy/opt/gz_dartsim_vendor/lib:/opt/ros/jazzy/opt/gz_cmake_vendor/lib:/opt/ros/jazzy/lib', 'HOME': '/home/adrian', 'CHROME_DESKTOP': 'code.desktop', 'OLDPWD': '/home/adrian/Desktop/ROS2_playground/SCARA_robot/software', 'TERM_PROGRAM_VERSION': '1.98.0', 'DESKTOP_SESSION': 'ubuntu', 'ROS_PYTHON_VERSION': '3', 'GNOME_SHELL_SESSION_MODE': 'ubuntu', 'GTK_MODULES': 'gail:atk-bridge', 'VSCODE_GIT_ASKPASS_MAIN': '/usr/share/code/resources/app/extensions/git/dist/askpass-main.js', 'LC_MONETARY': 'es_MX.UTF-8', 'VSCODE_GIT_ASKPASS_NODE': '/usr/share/code/code', 'P9K_TTY': 'old', 'PYDEVD_DISABLE_FILE_VALIDATION': '1', 'SYSTEMD_EXEC_PID': '2154', 'BUNDLED_DEBUGPY_PATH': '/home/adrian/.vscode/extensions/ms-python.debugpy-2025.8.0-linux-x64/bundled/libs/debugpy', 'GSM_SKIP_SSH_AGENT_WORKAROUND': 'true', 'DBUS_SESSION_BUS_ADDRESS': 'unix:path=/run/user/1000/bus', 'COLORTERM': 'truecolor', 'ZPFX': '/home/adrian/.local/share/zinit/polaris', 'DEBUGINFOD_URLS': 'https://debuginfod.ubuntu.com', 'COLCON_PREFIX_PATH': '/home/adrian/Desktop/ROS2_playground/SCARA_robot/software/ros_scara_ws/install', 'ROS_DISTRO': 'jazzy', 'LOGNAME': 'adrian', '_P9K_SSH_TTY': '/dev/pts/1', '_': '/usr/bin/colcon', 'ROS_VERSION': '2', 'USER_ZDOTDIR': '/home/adrian', 'MEMORY_PRESSURE_WATCH': '/sys/fs/cgroup/user.slice/user-1000.slice/user@1000.service/session.slice/org.gnome.Shell@x11.service/memory.pressure', 'XDG_SESSION_CLASS': 'user', 'FUNCNEST': '100', 'USERNAME': 'adrian', 'TERM': 'xterm-256color', 'GNOME_DESKTOP_SESSION_ID': 'this-is-deprecated', 'ZSH_CACHE_DIR': '/home/adrian/.cache/zinit', 'PMSPEC': '0uUpiPsf', 'WINDOWPATH': '2', 'PATH': '/home/adrian/.vscode/extensions/ms-python.python-2025.6.1-linux-x64/python_files/deactivate/zsh:/home/adrian/py_ros2/bin:/home/adrian/.vscode/extensions/ms-python.python-2025.6.1-linux-x64/python_files/deactivate/zsh:/home/adrian/py_ros2/bin:/opt/ros/jazzy/opt/gz_msgs_vendor/bin:/opt/ros/jazzy/opt/gz_tools_vendor/bin:/opt/ros/jazzy/opt/gz_ogre_next_vendor/bin:/opt/ros/jazzy/bin:/home/adrian/.local/share/zinit/polaris/bin:/home/adrian/.local/bin:/usr/local/sbin:/usr/local/bin:/usr/sbin:/usr/bin:/sbin:/bin:/usr/games:/usr/local/games:/snap/bin:/snap/bin', 'SESSION_MANAGER': 'local/laptop:@/tmp/.ICE-unix/2111,unix/laptop:/tmp/.ICE-unix/2111', 'PAPERSIZE': 'letter', 'XDG_MENU_PREFIX': 'gnome-', 'LC_ADDRESS': 'es_MX.UTF-8', 'GNOME_TERMINAL_SCREEN': '/org/gnome/Terminal/screen/7339cad8_772e_4bef_82e4_80f6ab1fe53c', 'XDG_RUNTIME_DIR': '/run/user/1000', 'GDK_BACKEND': 'x11', 'DISPLAY': ':0', 'VSCODE_DEBUGPY_ADAPTER_ENDPOINTS': '/home/adrian/.vscode/extensions/ms-python.debugpy-2025.8.0-linux-x64/.noConfigDebugAdapterEndpoints/endpoint-d384532af5ea6b98.txt', 'VSCODE_INJECTION': '1', 'LANG': 'en_US.UTF-8', 'XDG_CURRENT_DESKTOP': 'Unity', 'LC_TELEPHONE': 'es_MX.UTF-8', 'XMODIFIERS': '@im=ibus', 'XDG_SESSION_DESKTOP': 'ubuntu', 'XAUTHORITY': '/run/user/1000/gdm/Xauthority', 'VSCODE_GIT_IPC_HANDLE': '/run/user/1000/vscode-git-961a0a0869.sock', 'GNOME_TERMINAL_SERVICE': ':1.99', 'TERM_PROGRAM': 'vscode', 'SSH_AUTH_SOCK': '/run/user/1000/keyring/ssh', 'ROS_DOMAIN_ID': '0', 'AMENT_PREFIX_PATH': '/home/adrian/Desktop/ROS2_playground/SCARA_robot/software/ros_scara_ws/install/scara_control:/home/adrian/Desktop/ROS2_playground/SCARA_robot/software/ros_scara_ws/install/plc_chat:/home/adrian/Desktop/ROS2_playground/SCARA_robot/software/ros_scara_ws/install/micro_ros_setup:/home/adrian/Desktop/ROS2_playground/SCARA_robot/software/ros_scara_ws/install/custom_msg_svrs:/home/adrian/Desktop/ROS2_playground/SCARA_robot/software/ros_scara_ws/install/box_detector:/opt/ros/jazzy', 'ORIGINAL_XDG_CURRENT_DESKTOP': 'ubuntu:GNOME', 'SHELL': '/bin/zsh', 'LC_NAME': 'es_MX.UTF-8', 'QT_ACCESSIBILITY': '1', 'GIT_DISCOVERY_ACROSS_FILESYSTEM': '1', 'GDMSESSION': 'ubuntu', 'IGN_GAZEBO_RESOURCE_PATH': '/opt/ros/jazzy/share', 'LC_MEASUREMENT': 'es_MX.UTF-8', 'GPG_AGENT_INFO': '/run/user/1000/gnupg/S.gpg-agent:0:1', 'LC_IDENTIFICATION': 'es_MX.UTF-8', 'P9K_SSH': '0', 'ROS_AUTOMATIC_DISCOVERY_RANGE': 'SUBNET', 'VSCODE_GIT_ASKPASS_EXTRA_ARGS': '', 'VSCODE_NONCE': '2f39c552-07d1-43c0-8743-a3d11540787b', 'QT_IM_MODULE': 'ibus', 'PWD': '/home/adrian/Desktop/ROS2_playground/SCARA_robot/software/ros_scara_ws/build/micro_ros_msgs', 'LC_ALL': 'en_US.UTF-8', 'XDG_CONFIG_DIRS': '/etc/xdg/xdg-ubuntu:/etc/xdg', '_P9K_TTY': '/dev/pts/1', 'ZDOTDIR': '/home/adrian', 'XDG_DATA_DIRS': '/usr/share/ubuntu:/usr/share/gnome:/usr/local/share/:/usr/share/:/var/lib/snapd/desktop', 'PYTHONPATH': '/home/adrian/Desktop/ROS2_playground/SCARA_robot/software/ros_scara_ws/install/scara_control/lib/python3.12/site-packages:/home/adrian/Desktop/ROS2_playground/SCARA_robot/software/ros_scara_ws/install/plc_chat/lib/python3.12/site-packages:/home/adrian/Desktop/ROS2_playground/SCARA_robot/software/ros_scara_ws/install/custom_msg_svrs/lib/python3.12/site-packages:/home/adrian/Desktop/ROS2_playground/SCARA_robot/software/ros_scara_ws/install/box_detector/lib/python3.12/site-packages:/opt/ros/jazzy/lib/python3.12/site-packages', 'LC_NUMERIC': 'es_MX.UTF-8', 'TMUX_PLUGIN_MANAGER_PATH': '/home/adrian/.tmux/plugins/', 'LC_PAPER': 'es_MX.UTF-8', 'COLCON': '1', 'MEMORY_PRESSURE_WRITE': 'c29tZSAyMDAwMDAgMjAwMDAwMAA=', 'VTE_VERSION': '7600', 'TMUX_PANE': '%3', 'CMAKE_PREFIX_PATH': '/home/adrian/Desktop/ROS2_playground/SCARA_robot/software/ros_scara_ws/install/micro_ros_setup:/home/adrian/Desktop/ROS2_playground/SCARA_robot/software/ros_scara_ws/install/custom_msg_svrs:/opt/ros/jazzy/opt/gz_sim_vendor:/opt/ros/jazzy/opt/gz_sensors_vendor:/opt/ros/jazzy/opt/gz_physics_vendor:/opt/ros/jazzy/opt/sdformat_vendor:/opt/ros/jazzy/opt/gz_gui_vendor:/opt/ros/jazzy/opt/gz_transport_vendor:/opt/ros/jazzy/opt/gz_rendering_vendor:/opt/ros/jazzy/opt/gz_plugin_vendor:/opt/ros/jazzy/opt/gz_fuel_tools_vendor:/opt/ros/jazzy/opt/gz_msgs_vendor:/opt/ros/jazzy/opt/gz_common_vendor:/opt/ros/jazzy/opt/gz_math_vendor:/opt/ros/jazzy/opt/gz_utils_vendor:/opt/ros/jazzy/opt/gz_tools_vendor:/opt/ros/jazzy/opt/gz_ogre_next_vendor:/opt/ros/jazzy/opt/gz_dartsim_vendor:/opt/ros/jazzy/opt/gz_cmake_vendor:/home/adrian/Desktop/ROS2_playground/SCARA_robot/software/ros_scara_ws/install/scara_control:/home/adrian/Desktop/ROS2_playground/SCARA_robot/software/ros_scara_ws/install/plc_chat:/home/adrian/Desktop/ROS2_playground/SCARA_robot/software/ros_scara_ws/install/box_detector:/opt/ros/jazzy', 'LIBGL_DRIVERS_PATH': '/usr/lib/x86_64-linux-gnu/dri'}), 'shell': False}
[5.600659] (micro_ros_msgs) StdoutLine: {'line': b'-- Install configuration: ""\n'}
[5.600886] (micro_ros_msgs) StdoutLine: {'line': b'-- Installing: /home/adrian/Desktop/ROS2_playground/SCARA_robot/software/ros_scara_ws/install/micro_ros_msgs/share/ament_index/resource_index/rosidl_interfaces/micro_ros_msgs\n'}
[5.601251] (micro_ros_msgs) StdoutLine: {'line': b'-- Installing: /home/adrian/Desktop/ROS2_playground/SCARA_robot/software/ros_scara_ws/install/micro_ros_msgs/share/micro_ros_msgs/msg/Graph.json\n'}
[5.601398] (micro_ros_msgs) StdoutLine: {'line': b'-- Installing: /home/adrian/Desktop/ROS2_playground/SCARA_robot/software/ros_scara_ws/install/micro_ros_msgs/share/micro_ros_msgs/msg/Node.json\n'}
[5.601548] (micro_ros_msgs) StdoutLine: {'line': b'-- Installing: /home/adrian/Desktop/ROS2_playground/SCARA_robot/software/ros_scara_ws/install/micro_ros_msgs/share/micro_ros_msgs/msg/Entity.json\n'}
[5.601685] (micro_ros_msgs) StdoutLine: {'line': b'-- Installing: /home/adrian/Desktop/ROS2_playground/SCARA_robot/software/ros_scara_ws/install/micro_ros_msgs/include/micro_ros_msgs/micro_ros_msgs\n'}
[5.601815] (micro_ros_msgs) StdoutLine: {'line': b'-- Installing: /home/adrian/Desktop/ROS2_playground/SCARA_robot/software/ros_scara_ws/install/micro_ros_msgs/include/micro_ros_msgs/micro_ros_msgs/msg\n'}
[5.601917] (micro_ros_msgs) StdoutLine: {'line': b'-- Installing: /home/adrian/Desktop/ROS2_playground/SCARA_robot/software/ros_scara_ws/install/micro_ros_msgs/include/micro_ros_msgs/micro_ros_msgs/msg/node.h\n'}
[5.602027] (micro_ros_msgs) StdoutLine: {'line': b'-- Installing: /home/adrian/Desktop/ROS2_playground/SCARA_robot/software/ros_scara_ws/install/micro_ros_msgs/include/micro_ros_msgs/micro_ros_msgs/msg/graph.h\n'}
[5.602145] (micro_ros_msgs) StdoutLine: {'line': b'-- Installing: /home/adrian/Desktop/ROS2_playground/SCARA_robot/software/ros_scara_ws/install/micro_ros_msgs/include/micro_ros_msgs/micro_ros_msgs/msg/rosidl_generator_c__visibility_control.h\n'}
[5.602258] (micro_ros_msgs) StdoutLine: {'line': b'-- Installing: /home/adrian/Desktop/ROS2_playground/SCARA_robot/software/ros_scara_ws/install/micro_ros_msgs/include/micro_ros_msgs/micro_ros_msgs/msg/entity.h\n'}
[5.602366] (micro_ros_msgs) StdoutLine: {'line': b'-- Installing: /home/adrian/Desktop/ROS2_playground/SCARA_robot/software/ros_scara_ws/install/micro_ros_msgs/include/micro_ros_msgs/micro_ros_msgs/msg/detail\n'}
[5.602462] (micro_ros_msgs) StdoutLine: {'line': b'-- Installing: /home/adrian/Desktop/ROS2_playground/SCARA_robot/software/ros_scara_ws/install/micro_ros_msgs/include/micro_ros_msgs/micro_ros_msgs/msg/detail/entity__functions.h\n'}
[5.602595] (micro_ros_msgs) StdoutLine: {'line': b'-- Installing: /home/adrian/Desktop/ROS2_playground/SCARA_robot/software/ros_scara_ws/install/micro_ros_msgs/include/micro_ros_msgs/micro_ros_msgs/msg/detail/entity__functions.c\n'}
[5.602714] (micro_ros_msgs) StdoutLine: {'line': b'-- Installing: /home/adrian/Desktop/ROS2_playground/SCARA_robot/software/ros_scara_ws/install/micro_ros_msgs/include/micro_ros_msgs/micro_ros_msgs/msg/detail/entity__struct.h\n'}
[5.602830] (micro_ros_msgs) StdoutLine: {'line': b'-- Installing: /home/adrian/Desktop/ROS2_playground/SCARA_robot/software/ros_scara_ws/install/micro_ros_msgs/include/micro_ros_msgs/micro_ros_msgs/msg/detail/graph__struct.h\n'}
[5.602953] (micro_ros_msgs) StdoutLine: {'line': b'-- Installing: /home/adrian/Desktop/ROS2_playground/SCARA_robot/software/ros_scara_ws/install/micro_ros_msgs/include/micro_ros_msgs/micro_ros_msgs/msg/detail/node__type_support.h\n'}
[5.603071] (micro_ros_msgs) StdoutLine: {'line': b'-- Installing: /home/adrian/Desktop/ROS2_playground/SCARA_robot/software/ros_scara_ws/install/micro_ros_msgs/include/micro_ros_msgs/micro_ros_msgs/msg/detail/node__type_support.c\n'}
[5.603186] (micro_ros_msgs) StdoutLine: {'line': b'-- Installing: /home/adrian/Desktop/ROS2_playground/SCARA_robot/software/ros_scara_ws/install/micro_ros_msgs/include/micro_ros_msgs/micro_ros_msgs/msg/detail/node__functions.h\n'}
[5.603309] (micro_ros_msgs) StdoutLine: {'line': b'-- Installing: /home/adrian/Desktop/ROS2_playground/SCARA_robot/software/ros_scara_ws/install/micro_ros_msgs/include/micro_ros_msgs/micro_ros_msgs/msg/detail/graph__functions.h\n'}
[5.603427] (micro_ros_msgs) StdoutLine: {'line': b'-- Installing: /home/adrian/Desktop/ROS2_playground/SCARA_robot/software/ros_scara_ws/install/micro_ros_msgs/include/micro_ros_msgs/micro_ros_msgs/msg/detail/graph__type_support.c\n'}
[5.603556] (micro_ros_msgs) StdoutLine: {'line': b'-- Installing: /home/adrian/Desktop/ROS2_playground/SCARA_robot/software/ros_scara_ws/install/micro_ros_msgs/include/micro_ros_msgs/micro_ros_msgs/msg/detail/entity__type_support.c\n'}
[5.603670] (micro_ros_msgs) StdoutLine: {'line': b'-- Installing: /home/adrian/Desktop/ROS2_playground/SCARA_robot/software/ros_scara_ws/install/micro_ros_msgs/include/micro_ros_msgs/micro_ros_msgs/msg/detail/node__functions.c\n'}
[5.603800] (micro_ros_msgs) StdoutLine: {'line': b'-- Installing: /home/adrian/Desktop/ROS2_playground/SCARA_robot/software/ros_scara_ws/install/micro_ros_msgs/include/micro_ros_msgs/micro_ros_msgs/msg/detail/graph__description.c\n'}
[5.603921] (micro_ros_msgs) StdoutLine: {'line': b'-- Installing: /home/adrian/Desktop/ROS2_playground/SCARA_robot/software/ros_scara_ws/install/micro_ros_msgs/include/micro_ros_msgs/micro_ros_msgs/msg/detail/node__struct.h\n'}
[5.604037] (micro_ros_msgs) StdoutLine: {'line': b'-- Installing: /home/adrian/Desktop/ROS2_playground/SCARA_robot/software/ros_scara_ws/install/micro_ros_msgs/include/micro_ros_msgs/micro_ros_msgs/msg/detail/node__description.c\n'}
[5.604159] (micro_ros_msgs) StdoutLine: {'line': b'-- Installing: /home/adrian/Desktop/ROS2_playground/SCARA_robot/software/ros_scara_ws/install/micro_ros_msgs/include/micro_ros_msgs/micro_ros_msgs/msg/detail/entity__description.c\n'}
[5.604275] (micro_ros_msgs) StdoutLine: {'line': b'-- Installing: /home/adrian/Desktop/ROS2_playground/SCARA_robot/software/ros_scara_ws/install/micro_ros_msgs/include/micro_ros_msgs/micro_ros_msgs/msg/detail/graph__functions.c\n'}
[5.604405] (micro_ros_msgs) StdoutLine: {'line': b'-- Installing: /home/adrian/Desktop/ROS2_playground/SCARA_robot/software/ros_scara_ws/install/micro_ros_msgs/include/micro_ros_msgs/micro_ros_msgs/msg/detail/graph__type_support.h\n'}
[5.604550] (micro_ros_msgs) StdoutLine: {'line': b'-- Installing: /home/adrian/Desktop/ROS2_playground/SCARA_robot/software/ros_scara_ws/install/micro_ros_msgs/include/micro_ros_msgs/micro_ros_msgs/msg/detail/entity__type_support.h\n'}
[5.604738] (micro_ros_msgs) StdoutLine: {'line': b'-- Installing: /home/adrian/Desktop/ROS2_playground/SCARA_robot/software/ros_scara_ws/install/micro_ros_msgs/share/micro_ros_msgs/environment/library_path.sh\n'}
[5.604868] (micro_ros_msgs) StdoutLine: {'line': b'-- Installing: /home/adrian/Desktop/ROS2_playground/SCARA_robot/software/ros_scara_ws/install/micro_ros_msgs/share/micro_ros_msgs/environment/library_path.dsv\n'}
[5.605133] (micro_ros_msgs) StdoutLine: {'line': b'-- Installing: /home/adrian/Desktop/ROS2_playground/SCARA_robot/software/ros_scara_ws/install/micro_ros_msgs/lib/libmicro_ros_msgs__rosidl_generator_c.so\n'}
[5.605471] (micro_ros_msgs) StdoutLine: {'line': b'-- Set non-toolchain portion of runtime path of "/home/adrian/Desktop/ROS2_playground/SCARA_robot/software/ros_scara_ws/install/micro_ros_msgs/lib/libmicro_ros_msgs__rosidl_generator_c.so" to ""\n'}
[5.605583] (micro_ros_msgs) StdoutLine: {'line': b'-- Up-to-date: /home/adrian/Desktop/ROS2_playground/SCARA_robot/software/ros_scara_ws/install/micro_ros_msgs/include/micro_ros_msgs/micro_ros_msgs\n'}
[5.605674] (micro_ros_msgs) StdoutLine: {'line': b'-- Up-to-date: /home/adrian/Desktop/ROS2_playground/SCARA_robot/software/ros_scara_ws/install/micro_ros_msgs/include/micro_ros_msgs/micro_ros_msgs/msg\n'}
[5.605747] (micro_ros_msgs) StdoutLine: {'line': b'-- Installing: /home/adrian/Desktop/ROS2_playground/SCARA_robot/software/ros_scara_ws/install/micro_ros_msgs/include/micro_ros_msgs/micro_ros_msgs/msg/rosidl_typesupport_fastrtps_c__visibility_control.h\n'}
[5.605842] (micro_ros_msgs) StdoutLine: {'line': b'-- Up-to-date: /home/adrian/Desktop/ROS2_playground/SCARA_robot/software/ros_scara_ws/install/micro_ros_msgs/include/micro_ros_msgs/micro_ros_msgs/msg/detail\n'}
[5.605908] (micro_ros_msgs) StdoutLine: {'line': b'-- Installing: /home/adrian/Desktop/ROS2_playground/SCARA_robot/software/ros_scara_ws/install/micro_ros_msgs/include/micro_ros_msgs/micro_ros_msgs/msg/detail/graph__rosidl_typesupport_fastrtps_c.h\n'}
[5.605983] (micro_ros_msgs) StdoutLine: {'line': b'-- Installing: /home/adrian/Desktop/ROS2_playground/SCARA_robot/software/ros_scara_ws/install/micro_ros_msgs/include/micro_ros_msgs/micro_ros_msgs/msg/detail/entity__rosidl_typesupport_fastrtps_c.h\n'}
[5.606064] (micro_ros_msgs) StdoutLine: {'line': b'-- Installing: /home/adrian/Desktop/ROS2_playground/SCARA_robot/software/ros_scara_ws/install/micro_ros_msgs/include/micro_ros_msgs/micro_ros_msgs/msg/detail/node__rosidl_typesupport_fastrtps_c.h\n'}
[5.606213] (micro_ros_msgs) StdoutLine: {'line': b'-- Installing: /home/adrian/Desktop/ROS2_playground/SCARA_robot/software/ros_scara_ws/install/micro_ros_msgs/lib/libmicro_ros_msgs__rosidl_typesupport_fastrtps_c.so\n'}
[5.606562] (micro_ros_msgs) StdoutLine: {'line': b'-- Set non-toolchain portion of runtime path of "/home/adrian/Desktop/ROS2_playground/SCARA_robot/software/ros_scara_ws/install/micro_ros_msgs/lib/libmicro_ros_msgs__rosidl_typesupport_fastrtps_c.so" to ""\n'}
[5.606649] (micro_ros_msgs) StdoutLine: {'line': b'-- Up-to-date: /home/adrian/Desktop/ROS2_playground/SCARA_robot/software/ros_scara_ws/install/micro_ros_msgs/include/micro_ros_msgs/micro_ros_msgs\n'}
[5.606727] (micro_ros_msgs) StdoutLine: {'line': b'-- Up-to-date: /home/adrian/Desktop/ROS2_playground/SCARA_robot/software/ros_scara_ws/install/micro_ros_msgs/include/micro_ros_msgs/micro_ros_msgs/msg\n'}
[5.606793] (micro_ros_msgs) StdoutLine: {'line': b'-- Installing: /home/adrian/Desktop/ROS2_playground/SCARA_robot/software/ros_scara_ws/install/micro_ros_msgs/include/micro_ros_msgs/micro_ros_msgs/msg/rosidl_typesupport_introspection_c__visibility_control.h\n'}
[5.606870] (micro_ros_msgs) StdoutLine: {'line': b'-- Up-to-date: /home/adrian/Desktop/ROS2_playground/SCARA_robot/software/ros_scara_ws/install/micro_ros_msgs/include/micro_ros_msgs/micro_ros_msgs/msg/detail\n'}
[5.606933] (micro_ros_msgs) StdoutLine: {'line': b'-- Up-to-date: /home/adrian/Desktop/ROS2_playground/SCARA_robot/software/ros_scara_ws/install/micro_ros_msgs/include/micro_ros_msgs/micro_ros_msgs/msg/detail/node__type_support.c\n'}
[5.607007] (micro_ros_msgs) StdoutLine: {'line': b'-- Installing: /home/adrian/Desktop/ROS2_playground/SCARA_robot/software/ros_scara_ws/install/micro_ros_msgs/include/micro_ros_msgs/micro_ros_msgs/msg/detail/entity__rosidl_typesupport_introspection_c.h\n'}
[5.607093] (micro_ros_msgs) StdoutLine: {'line': b'-- Up-to-date: /home/adrian/Desktop/ROS2_playground/SCARA_robot/software/ros_scara_ws/install/micro_ros_msgs/include/micro_ros_msgs/micro_ros_msgs/msg/detail/graph__type_support.c\n'}
[5.607165] (micro_ros_msgs) StdoutLine: {'line': b'-- Up-to-date: /home/adrian/Desktop/ROS2_playground/SCARA_robot/software/ros_scara_ws/install/micro_ros_msgs/include/micro_ros_msgs/micro_ros_msgs/msg/detail/entity__type_support.c\n'}
[5.607229] (micro_ros_msgs) StdoutLine: {'line': b'-- Installing: /home/adrian/Desktop/ROS2_playground/SCARA_robot/software/ros_scara_ws/install/micro_ros_msgs/include/micro_ros_msgs/micro_ros_msgs/msg/detail/graph__rosidl_typesupport_introspection_c.h\n'}
[5.607299] (micro_ros_msgs) StdoutLine: {'line': b'-- Installing: /home/adrian/Desktop/ROS2_playground/SCARA_robot/software/ros_scara_ws/install/micro_ros_msgs/include/micro_ros_msgs/micro_ros_msgs/msg/detail/node__rosidl_typesupport_introspection_c.h\n'}
[5.607377] (micro_ros_msgs) StdoutLine: {'line': b'-- Installing: /home/adrian/Desktop/ROS2_playground/SCARA_robot/software/ros_scara_ws/install/micro_ros_msgs/lib/libmicro_ros_msgs__rosidl_typesupport_introspection_c.so\n'}
[5.607665] (micro_ros_msgs) StdoutLine: {'line': b'-- Set non-toolchain portion of runtime path of "/home/adrian/Desktop/ROS2_playground/SCARA_robot/software/ros_scara_ws/install/micro_ros_msgs/lib/libmicro_ros_msgs__rosidl_typesupport_introspection_c.so" to ""\n'}
[5.607746] (micro_ros_msgs) StdoutLine: {'line': b'-- Installing: /home/adrian/Desktop/ROS2_playground/SCARA_robot/software/ros_scara_ws/install/micro_ros_msgs/lib/libmicro_ros_msgs__rosidl_typesupport_c.so\n'}
[5.608080] (micro_ros_msgs) StdoutLine: {'line': b'-- Set non-toolchain portion of runtime path of "/home/adrian/Desktop/ROS2_playground/SCARA_robot/software/ros_scara_ws/install/micro_ros_msgs/lib/libmicro_ros_msgs__rosidl_typesupport_c.so" to ""\n'}
[5.608201] (micro_ros_msgs) StdoutLine: {'line': b'-- Up-to-date: /home/adrian/Desktop/ROS2_playground/SCARA_robot/software/ros_scara_ws/install/micro_ros_msgs/include/micro_ros_msgs/micro_ros_msgs\n'}
[5.608302] (micro_ros_msgs) StdoutLine: {'line': b'-- Up-to-date: /home/adrian/Desktop/ROS2_playground/SCARA_robot/software/ros_scara_ws/install/micro_ros_msgs/include/micro_ros_msgs/micro_ros_msgs/msg\n'}
[5.608400] (micro_ros_msgs) StdoutLine: {'line': b'-- Installing: /home/adrian/Desktop/ROS2_playground/SCARA_robot/software/ros_scara_ws/install/micro_ros_msgs/include/micro_ros_msgs/micro_ros_msgs/msg/graph.hpp\n'}
[5.608500] (micro_ros_msgs) StdoutLine: {'line': b'-- Installing: /home/adrian/Desktop/ROS2_playground/SCARA_robot/software/ros_scara_ws/install/micro_ros_msgs/include/micro_ros_msgs/micro_ros_msgs/msg/rosidl_generator_cpp__visibility_control.hpp\n'}
[5.608594] (micro_ros_msgs) StdoutLine: {'line': b'-- Installing: /home/adrian/Desktop/ROS2_playground/SCARA_robot/software/ros_scara_ws/install/micro_ros_msgs/include/micro_ros_msgs/micro_ros_msgs/msg/entity.hpp\n'}
[5.608689] (micro_ros_msgs) StdoutLine: {'line': b'-- Installing: /home/adrian/Desktop/ROS2_playground/SCARA_robot/software/ros_scara_ws/install/micro_ros_msgs/include/micro_ros_msgs/micro_ros_msgs/msg/node.hpp\n'}
[5.608772] (micro_ros_msgs) StdoutLine: {'line': b'-- Up-to-date: /home/adrian/Desktop/ROS2_playground/SCARA_robot/software/ros_scara_ws/install/micro_ros_msgs/include/micro_ros_msgs/micro_ros_msgs/msg/detail\n'}
[5.608853] (micro_ros_msgs) StdoutLine: {'line': b'-- Installing: /home/adrian/Desktop/ROS2_playground/SCARA_robot/software/ros_scara_ws/install/micro_ros_msgs/include/micro_ros_msgs/micro_ros_msgs/msg/detail/node__builder.hpp\n'}
[5.608929] (micro_ros_msgs) StdoutLine: {'line': b'-- Installing: /home/adrian/Desktop/ROS2_playground/SCARA_robot/software/ros_scara_ws/install/micro_ros_msgs/include/micro_ros_msgs/micro_ros_msgs/msg/detail/node__struct.hpp\n'}
[5.609031] (micro_ros_msgs) StdoutLine: {'line': b'-- Installing: /home/adrian/Desktop/ROS2_playground/SCARA_robot/software/ros_scara_ws/install/micro_ros_msgs/include/micro_ros_msgs/micro_ros_msgs/msg/detail/graph__traits.hpp\n'}
[5.609152] (micro_ros_msgs) StdoutLine: {'line': b'-- Installing: /home/adrian/Desktop/ROS2_playground/SCARA_robot/software/ros_scara_ws/install/micro_ros_msgs/include/micro_ros_msgs/micro_ros_msgs/msg/detail/entity__struct.hpp\n'}
[5.609276] (micro_ros_msgs) StdoutLine: {'line': b'-- Installing: /home/adrian/Desktop/ROS2_playground/SCARA_robot/software/ros_scara_ws/install/micro_ros_msgs/include/micro_ros_msgs/micro_ros_msgs/msg/detail/entity__traits.hpp\n'}
[5.609396] (micro_ros_msgs) StdoutLine: {'line': b'-- Installing: /home/adrian/Desktop/ROS2_playground/SCARA_robot/software/ros_scara_ws/install/micro_ros_msgs/include/micro_ros_msgs/micro_ros_msgs/msg/detail/graph__type_support.hpp\n'}
[5.609527] (micro_ros_msgs) StdoutLine: {'line': b'-- Installing: /home/adrian/Desktop/ROS2_playground/SCARA_robot/software/ros_scara_ws/install/micro_ros_msgs/include/micro_ros_msgs/micro_ros_msgs/msg/detail/entity__type_support.hpp\n'}
[5.609649] (micro_ros_msgs) StdoutLine: {'line': b'-- Installing: /home/adrian/Desktop/ROS2_playground/SCARA_robot/software/ros_scara_ws/install/micro_ros_msgs/include/micro_ros_msgs/micro_ros_msgs/msg/detail/node__traits.hpp\n'}
[5.609774] (micro_ros_msgs) StdoutLine: {'line': b'-- Installing: /home/adrian/Desktop/ROS2_playground/SCARA_robot/software/ros_scara_ws/install/micro_ros_msgs/include/micro_ros_msgs/micro_ros_msgs/msg/detail/graph__struct.hpp\n'}
[5.609912] (micro_ros_msgs) StdoutLine: {'line': b'-- Installing: /home/adrian/Desktop/ROS2_playground/SCARA_robot/software/ros_scara_ws/install/micro_ros_msgs/include/micro_ros_msgs/micro_ros_msgs/msg/detail/entity__builder.hpp\n'}
[5.610048] (micro_ros_msgs) StdoutLine: {'line': b'-- Installing: /home/adrian/Desktop/ROS2_playground/SCARA_robot/software/ros_scara_ws/install/micro_ros_msgs/include/micro_ros_msgs/micro_ros_msgs/msg/detail/graph__builder.hpp\n'}
[5.610168] (micro_ros_msgs) StdoutLine: {'line': b'-- Installing: /home/adrian/Desktop/ROS2_playground/SCARA_robot/software/ros_scara_ws/install/micro_ros_msgs/include/micro_ros_msgs/micro_ros_msgs/msg/detail/node__type_support.hpp\n'}
[5.610321] (micro_ros_msgs) StdoutLine: {'line': b'-- Up-to-date: /home/adrian/Desktop/ROS2_playground/SCARA_robot/software/ros_scara_ws/install/micro_ros_msgs/include/micro_ros_msgs/micro_ros_msgs\n'}
[5.610412] (micro_ros_msgs) StdoutLine: {'line': b'-- Up-to-date: /home/adrian/Desktop/ROS2_playground/SCARA_robot/software/ros_scara_ws/install/micro_ros_msgs/include/micro_ros_msgs/micro_ros_msgs/msg\n'}
[5.610477] (micro_ros_msgs) StdoutLine: {'line': b'-- Installing: /home/adrian/Desktop/ROS2_playground/SCARA_robot/software/ros_scara_ws/install/micro_ros_msgs/include/micro_ros_msgs/micro_ros_msgs/msg/rosidl_typesupport_fastrtps_cpp__visibility_control.h\n'}
[5.610558] (micro_ros_msgs) StdoutLine: {'line': b'-- Up-to-date: /home/adrian/Desktop/ROS2_playground/SCARA_robot/software/ros_scara_ws/install/micro_ros_msgs/include/micro_ros_msgs/micro_ros_msgs/msg/detail\n'}
[5.610648] (micro_ros_msgs) StdoutLine: {'line': b'-- Installing: /home/adrian/Desktop/ROS2_playground/SCARA_robot/software/ros_scara_ws/install/micro_ros_msgs/include/micro_ros_msgs/micro_ros_msgs/msg/detail/graph__rosidl_typesupport_fastrtps_cpp.hpp\n'}
[5.610723] (micro_ros_msgs) StdoutLine: {'line': b'-- Installing: /home/adrian/Desktop/ROS2_playground/SCARA_robot/software/ros_scara_ws/install/micro_ros_msgs/include/micro_ros_msgs/micro_ros_msgs/msg/detail/dds_fastrtps\n'}
[5.610787] (micro_ros_msgs) StdoutLine: {'line': b'-- Installing: /home/adrian/Desktop/ROS2_playground/SCARA_robot/software/ros_scara_ws/install/micro_ros_msgs/include/micro_ros_msgs/micro_ros_msgs/msg/detail/node__rosidl_typesupport_fastrtps_cpp.hpp\n'}
[5.610909] (micro_ros_msgs) StdoutLine: {'line': b'-- Installing: /home/adrian/Desktop/ROS2_playground/SCARA_robot/software/ros_scara_ws/install/micro_ros_msgs/include/micro_ros_msgs/micro_ros_msgs/msg/detail/entity__rosidl_typesupport_fastrtps_cpp.hpp\n'}
[5.611066] (micro_ros_msgs) StdoutLine: {'line': b'-- Installing: /home/adrian/Desktop/ROS2_playground/SCARA_robot/software/ros_scara_ws/install/micro_ros_msgs/lib/libmicro_ros_msgs__rosidl_typesupport_fastrtps_cpp.so\n'}
[5.611667] (micro_ros_msgs) StdoutLine: {'line': b'-- Set non-toolchain portion of runtime path of "/home/adrian/Desktop/ROS2_playground/SCARA_robot/software/ros_scara_ws/install/micro_ros_msgs/lib/libmicro_ros_msgs__rosidl_typesupport_fastrtps_cpp.so" to ""\n'}
[5.611772] (micro_ros_msgs) StdoutLine: {'line': b'-- Up-to-date: /home/adrian/Desktop/ROS2_playground/SCARA_robot/software/ros_scara_ws/install/micro_ros_msgs/include/micro_ros_msgs/micro_ros_msgs\n'}
[5.611860] (micro_ros_msgs) StdoutLine: {'line': b'-- Up-to-date: /home/adrian/Desktop/ROS2_playground/SCARA_robot/software/ros_scara_ws/install/micro_ros_msgs/include/micro_ros_msgs/micro_ros_msgs/msg\n'}
[5.611922] (micro_ros_msgs) StdoutLine: {'line': b'-- Up-to-date: /home/adrian/Desktop/ROS2_playground/SCARA_robot/software/ros_scara_ws/install/micro_ros_msgs/include/micro_ros_msgs/micro_ros_msgs/msg/detail\n'}
[5.612002] (micro_ros_msgs) StdoutLine: {'line': b'-- Installing: /home/adrian/Desktop/ROS2_playground/SCARA_robot/software/ros_scara_ws/install/micro_ros_msgs/include/micro_ros_msgs/micro_ros_msgs/msg/detail/entity__rosidl_typesupport_introspection_cpp.hpp\n'}
[5.612066] (micro_ros_msgs) StdoutLine: {'line': b'-- Installing: /home/adrian/Desktop/ROS2_playground/SCARA_robot/software/ros_scara_ws/install/micro_ros_msgs/include/micro_ros_msgs/micro_ros_msgs/msg/detail/node__rosidl_typesupport_introspection_cpp.hpp\n'}
[5.612144] (micro_ros_msgs) StdoutLine: {'line': b'-- Installing: /home/adrian/Desktop/ROS2_playground/SCARA_robot/software/ros_scara_ws/install/micro_ros_msgs/include/micro_ros_msgs/micro_ros_msgs/msg/detail/node__type_support.cpp\n'}
[5.612224] (micro_ros_msgs) StdoutLine: {'line': b'-- Installing: /home/adrian/Desktop/ROS2_playground/SCARA_robot/software/ros_scara_ws/install/micro_ros_msgs/include/micro_ros_msgs/micro_ros_msgs/msg/detail/entity__type_support.cpp\n'}
[5.612328] (micro_ros_msgs) StdoutLine: {'line': b'-- Installing: /home/adrian/Desktop/ROS2_playground/SCARA_robot/software/ros_scara_ws/install/micro_ros_msgs/include/micro_ros_msgs/micro_ros_msgs/msg/detail/graph__rosidl_typesupport_introspection_cpp.hpp\n'}
[5.612455] (micro_ros_msgs) StdoutLine: {'line': b'-- Installing: /home/adrian/Desktop/ROS2_playground/SCARA_robot/software/ros_scara_ws/install/micro_ros_msgs/include/micro_ros_msgs/micro_ros_msgs/msg/detail/graph__type_support.cpp\n'}
[5.612626] (micro_ros_msgs) StdoutLine: {'line': b'-- Installing: /home/adrian/Desktop/ROS2_playground/SCARA_robot/software/ros_scara_ws/install/micro_ros_msgs/lib/libmicro_ros_msgs__rosidl_typesupport_introspection_cpp.so\n'}
[5.613104] (micro_ros_msgs) StdoutLine: {'line': b'-- Set non-toolchain portion of runtime path of "/home/adrian/Desktop/ROS2_playground/SCARA_robot/software/ros_scara_ws/install/micro_ros_msgs/lib/libmicro_ros_msgs__rosidl_typesupport_introspection_cpp.so" to ""\n'}
[5.613189] (micro_ros_msgs) StdoutLine: {'line': b'-- Installing: /home/adrian/Desktop/ROS2_playground/SCARA_robot/software/ros_scara_ws/install/micro_ros_msgs/lib/libmicro_ros_msgs__rosidl_typesupport_cpp.so\n'}
[5.613500] (micro_ros_msgs) StdoutLine: {'line': b'-- Set non-toolchain portion of runtime path of "/home/adrian/Desktop/ROS2_playground/SCARA_robot/software/ros_scara_ws/install/micro_ros_msgs/lib/libmicro_ros_msgs__rosidl_typesupport_cpp.so" to ""\n'}
[5.613590] (micro_ros_msgs) StdoutLine: {'line': b'-- Installing: /home/adrian/Desktop/ROS2_playground/SCARA_robot/software/ros_scara_ws/install/micro_ros_msgs/share/micro_ros_msgs/environment/pythonpath.sh\n'}
[5.613693] (micro_ros_msgs) StdoutLine: {'line': b'-- Installing: /home/adrian/Desktop/ROS2_playground/SCARA_robot/software/ros_scara_ws/install/micro_ros_msgs/share/micro_ros_msgs/environment/pythonpath.dsv\n'}
[5.613903] (micro_ros_msgs) StdoutLine: {'line': b'-- Installing: /home/adrian/Desktop/ROS2_playground/SCARA_robot/software/ros_scara_ws/install/micro_ros_msgs/lib/python3.12/site-packages/micro_ros_msgs-5.0.2-py3.12.egg-info\n'}
[5.614031] (micro_ros_msgs) StdoutLine: {'line': b'-- Installing: /home/adrian/Desktop/ROS2_playground/SCARA_robot/software/ros_scara_ws/install/micro_ros_msgs/lib/python3.12/site-packages/micro_ros_msgs-5.0.2-py3.12.egg-info/PKG-INFO\n'}
[5.614213] (micro_ros_msgs) StdoutLine: {'line': b'-- Installing: /home/adrian/Desktop/ROS2_playground/SCARA_robot/software/ros_scara_ws/install/micro_ros_msgs/lib/python3.12/site-packages/micro_ros_msgs-5.0.2-py3.12.egg-info/dependency_links.txt\n'}
[5.614393] (micro_ros_msgs) StdoutLine: {'line': b'-- Installing: /home/adrian/Desktop/ROS2_playground/SCARA_robot/software/ros_scara_ws/install/micro_ros_msgs/lib/python3.12/site-packages/micro_ros_msgs-5.0.2-py3.12.egg-info/top_level.txt\n'}
[5.614583] (micro_ros_msgs) StdoutLine: {'line': b'-- Installing: /home/adrian/Desktop/ROS2_playground/SCARA_robot/software/ros_scara_ws/install/micro_ros_msgs/lib/python3.12/site-packages/micro_ros_msgs-5.0.2-py3.12.egg-info/SOURCES.txt\n'}
[5.614791] (micro_ros_msgs) StdoutLine: {'line': b'-- Installing: /home/adrian/Desktop/ROS2_playground/SCARA_robot/software/ros_scara_ws/install/micro_ros_msgs/lib/python3.12/site-packages/micro_ros_msgs\n'}
[5.614880] (micro_ros_msgs) StdoutLine: {'line': b'-- Installing: /home/adrian/Desktop/ROS2_playground/SCARA_robot/software/ros_scara_ws/install/micro_ros_msgs/lib/python3.12/site-packages/micro_ros_msgs/micro_ros_msgs_s__rosidl_typesupport_fastrtps_c.so\n'}
[5.615025] (micro_ros_msgs) StdoutLine: {'line': b'-- Installing: /home/adrian/Desktop/ROS2_playground/SCARA_robot/software/ros_scara_ws/install/micro_ros_msgs/lib/python3.12/site-packages/micro_ros_msgs/micro_ros_msgs_s__rosidl_typesupport_c.so\n'}
[5.615159] (micro_ros_msgs) StdoutLine: {'line': b'-- Installing: /home/adrian/Desktop/ROS2_playground/SCARA_robot/software/ros_scara_ws/install/micro_ros_msgs/lib/python3.12/site-packages/micro_ros_msgs/_micro_ros_msgs_s.ep.rosidl_typesupport_c.c\n'}
[5.615288] (micro_ros_msgs) StdoutLine: {'line': b'-- Installing: /home/adrian/Desktop/ROS2_playground/SCARA_robot/software/ros_scara_ws/install/micro_ros_msgs/lib/python3.12/site-packages/micro_ros_msgs/_micro_ros_msgs_s.ep.rosidl_typesupport_fastrtps_c.c\n'}
[5.615431] (micro_ros_msgs) StdoutLine: {'line': b'-- Installing: /home/adrian/Desktop/ROS2_playground/SCARA_robot/software/ros_scara_ws/install/micro_ros_msgs/lib/python3.12/site-packages/micro_ros_msgs/__init__.py\n'}
[5.615584] (micro_ros_msgs) StdoutLine: {'line': b'-- Installing: /home/adrian/Desktop/ROS2_playground/SCARA_robot/software/ros_scara_ws/install/micro_ros_msgs/lib/python3.12/site-packages/micro_ros_msgs/msg\n'}
[5.615743] (micro_ros_msgs) StdoutLine: {'line': b'-- Installing: /home/adrian/Desktop/ROS2_playground/SCARA_robot/software/ros_scara_ws/install/micro_ros_msgs/lib/python3.12/site-packages/micro_ros_msgs/msg/_graph.py\n'}
[5.615907] (micro_ros_msgs) StdoutLine: {'line': b'-- Installing: /home/adrian/Desktop/ROS2_playground/SCARA_robot/software/ros_scara_ws/install/micro_ros_msgs/lib/python3.12/site-packages/micro_ros_msgs/msg/_graph_s.c\n'}
[5.616057] (micro_ros_msgs) StdoutLine: {'line': b'-- Installing: /home/adrian/Desktop/ROS2_playground/SCARA_robot/software/ros_scara_ws/install/micro_ros_msgs/lib/python3.12/site-packages/micro_ros_msgs/msg/_entity.py\n'}
[5.616203] (micro_ros_msgs) StdoutLine: {'line': b'-- Installing: /home/adrian/Desktop/ROS2_playground/SCARA_robot/software/ros_scara_ws/install/micro_ros_msgs/lib/python3.12/site-packages/micro_ros_msgs/msg/_node_s.c\n'}
[5.616353] (micro_ros_msgs) StdoutLine: {'line': b'-- Installing: /home/adrian/Desktop/ROS2_playground/SCARA_robot/software/ros_scara_ws/install/micro_ros_msgs/lib/python3.12/site-packages/micro_ros_msgs/msg/__init__.py\n'}
[5.616509] (micro_ros_msgs) StdoutLine: {'line': b'-- Installing: /home/adrian/Desktop/ROS2_playground/SCARA_robot/software/ros_scara_ws/install/micro_ros_msgs/lib/python3.12/site-packages/micro_ros_msgs/msg/_entity_s.c\n'}
[5.616666] (micro_ros_msgs) StdoutLine: {'line': b'-- Installing: /home/adrian/Desktop/ROS2_playground/SCARA_robot/software/ros_scara_ws/install/micro_ros_msgs/lib/python3.12/site-packages/micro_ros_msgs/msg/_node.py\n'}
[5.616793] (micro_ros_msgs) StdoutLine: {'line': b'-- Installing: /home/adrian/Desktop/ROS2_playground/SCARA_robot/software/ros_scara_ws/install/micro_ros_msgs/lib/python3.12/site-packages/micro_ros_msgs/micro_ros_msgs_s__rosidl_typesupport_introspection_c.so\n'}
[5.616916] (micro_ros_msgs) StdoutLine: {'line': b'-- Installing: /home/adrian/Desktop/ROS2_playground/SCARA_robot/software/ros_scara_ws/install/micro_ros_msgs/lib/python3.12/site-packages/micro_ros_msgs/_micro_ros_msgs_s.ep.rosidl_typesupport_introspection_c.c\n'}
[5.617319] (-) TimerEvent: {}
[5.655260] (micro_ros_msgs) StdoutLine: {'line': b"Listing '/home/adrian/Desktop/ROS2_playground/SCARA_robot/software/ros_scara_ws/install/micro_ros_msgs/lib/python3.12/site-packages/micro_ros_msgs'...\n"}
[5.655528] (micro_ros_msgs) StdoutLine: {'line': b"Compiling '/home/adrian/Desktop/ROS2_playground/SCARA_robot/software/ros_scara_ws/install/micro_ros_msgs/lib/python3.12/site-packages/micro_ros_msgs/__init__.py'...\n"}
[5.655674] (micro_ros_msgs) StdoutLine: {'line': b"Listing '/home/adrian/Desktop/ROS2_playground/SCARA_robot/software/ros_scara_ws/install/micro_ros_msgs/lib/python3.12/site-packages/micro_ros_msgs/msg'...\n"}
[5.655779] (micro_ros_msgs) StdoutLine: {'line': b"Compiling '/home/adrian/Desktop/ROS2_playground/SCARA_robot/software/ros_scara_ws/install/micro_ros_msgs/lib/python3.12/site-packages/micro_ros_msgs/msg/__init__.py'...\n"}
[5.655866] (micro_ros_msgs) StdoutLine: {'line': b"Compiling '/home/adrian/Desktop/ROS2_playground/SCARA_robot/software/ros_scara_ws/install/micro_ros_msgs/lib/python3.12/site-packages/micro_ros_msgs/msg/_entity.py'...\n"}
[5.655945] (micro_ros_msgs) StdoutLine: {'line': b"Compiling '/home/adrian/Desktop/ROS2_playground/SCARA_robot/software/ros_scara_ws/install/micro_ros_msgs/lib/python3.12/site-packages/micro_ros_msgs/msg/_graph.py'...\n"}
[5.656029] (micro_ros_msgs) StdoutLine: {'line': b"Compiling '/home/adrian/Desktop/ROS2_playground/SCARA_robot/software/ros_scara_ws/install/micro_ros_msgs/lib/python3.12/site-packages/micro_ros_msgs/msg/_node.py'...\n"}
[5.660466] (micro_ros_msgs) StdoutLine: {'line': b'-- Installing: /home/adrian/Desktop/ROS2_playground/SCARA_robot/software/ros_scara_ws/install/micro_ros_msgs/lib/python3.12/site-packages/micro_ros_msgs/micro_ros_msgs_s__rosidl_typesupport_fastrtps_c.so\n'}
[5.660850] (micro_ros_msgs) StdoutLine: {'line': b'-- Set non-toolchain portion of runtime path of "/home/adrian/Desktop/ROS2_playground/SCARA_robot/software/ros_scara_ws/install/micro_ros_msgs/lib/python3.12/site-packages/micro_ros_msgs/micro_ros_msgs_s__rosidl_typesupport_fastrtps_c.so" to ""\n'}
[5.661100] (micro_ros_msgs) StdoutLine: {'line': b'-- Installing: /home/adrian/Desktop/ROS2_playground/SCARA_robot/software/ros_scara_ws/install/micro_ros_msgs/lib/python3.12/site-packages/micro_ros_msgs/micro_ros_msgs_s__rosidl_typesupport_introspection_c.so\n'}
[5.661451] (micro_ros_msgs) StdoutLine: {'line': b'-- Set non-toolchain portion of runtime path of "/home/adrian/Desktop/ROS2_playground/SCARA_robot/software/ros_scara_ws/install/micro_ros_msgs/lib/python3.12/site-packages/micro_ros_msgs/micro_ros_msgs_s__rosidl_typesupport_introspection_c.so" to ""\n'}
[5.661665] (micro_ros_msgs) StdoutLine: {'line': b'-- Installing: /home/adrian/Desktop/ROS2_playground/SCARA_robot/software/ros_scara_ws/install/micro_ros_msgs/lib/python3.12/site-packages/micro_ros_msgs/micro_ros_msgs_s__rosidl_typesupport_c.so\n'}
[5.662036] (micro_ros_msgs) StdoutLine: {'line': b'-- Set non-toolchain portion of runtime path of "/home/adrian/Desktop/ROS2_playground/SCARA_robot/software/ros_scara_ws/install/micro_ros_msgs/lib/python3.12/site-packages/micro_ros_msgs/micro_ros_msgs_s__rosidl_typesupport_c.so" to ""\n'}
[5.662228] (micro_ros_msgs) StdoutLine: {'line': b'-- Installing: /home/adrian/Desktop/ROS2_playground/SCARA_robot/software/ros_scara_ws/install/micro_ros_msgs/lib/libmicro_ros_msgs__rosidl_generator_py.so\n'}
[5.662697] (micro_ros_msgs) StdoutLine: {'line': b'-- Set non-toolchain portion of runtime path of "/home/adrian/Desktop/ROS2_playground/SCARA_robot/software/ros_scara_ws/install/micro_ros_msgs/lib/libmicro_ros_msgs__rosidl_generator_py.so" to ""\n'}
[5.662821] (micro_ros_msgs) StdoutLine: {'line': b'-- Installing: /home/adrian/Desktop/ROS2_playground/SCARA_robot/software/ros_scara_ws/install/micro_ros_msgs/share/micro_ros_msgs/msg/Graph.idl\n'}
[5.663307] (micro_ros_msgs) StdoutLine: {'line': b'-- Installing: /home/adrian/Desktop/ROS2_playground/SCARA_robot/software/ros_scara_ws/install/micro_ros_msgs/share/micro_ros_msgs/msg/Node.idl\n'}
[5.663387] (micro_ros_msgs) StdoutLine: {'line': b'-- Installing: /home/adrian/Desktop/ROS2_playground/SCARA_robot/software/ros_scara_ws/install/micro_ros_msgs/share/micro_ros_msgs/msg/Entity.idl\n'}
[5.663496] (micro_ros_msgs) StdoutLine: {'line': b'-- Installing: /home/adrian/Desktop/ROS2_playground/SCARA_robot/software/ros_scara_ws/install/micro_ros_msgs/share/micro_ros_msgs/msg/Graph.msg\n'}
[5.663579] (micro_ros_msgs) StdoutLine: {'line': b'-- Installing: /home/adrian/Desktop/ROS2_playground/SCARA_robot/software/ros_scara_ws/install/micro_ros_msgs/share/micro_ros_msgs/msg/Node.msg\n'}
[5.663658] (micro_ros_msgs) StdoutLine: {'line': b'-- Installing: /home/adrian/Desktop/ROS2_playground/SCARA_robot/software/ros_scara_ws/install/micro_ros_msgs/share/micro_ros_msgs/msg/Entity.msg\n'}
[5.663910] (micro_ros_msgs) StdoutLine: {'line': b'-- Installing: /home/adrian/Desktop/ROS2_playground/SCARA_robot/software/ros_scara_ws/install/micro_ros_msgs/share/ament_index/resource_index/package_run_dependencies/micro_ros_msgs\n'}
[5.664282] (micro_ros_msgs) StdoutLine: {'line': b'-- Installing: /home/adrian/Desktop/ROS2_playground/SCARA_robot/software/ros_scara_ws/install/micro_ros_msgs/share/ament_index/resource_index/parent_prefix_path/micro_ros_msgs\n'}
[5.664886] (micro_ros_msgs) StdoutLine: {'line': b'-- Installing: /home/adrian/Desktop/ROS2_playground/SCARA_robot/software/ros_scara_ws/install/micro_ros_msgs/share/micro_ros_msgs/environment/ament_prefix_path.sh\n'}
[5.664973] (micro_ros_msgs) StdoutLine: {'line': b'-- Installing: /home/adrian/Desktop/ROS2_playground/SCARA_robot/software/ros_scara_ws/install/micro_ros_msgs/share/micro_ros_msgs/environment/ament_prefix_path.dsv\n'}
[5.665037] (micro_ros_msgs) StdoutLine: {'line': b'-- Installing: /home/adrian/Desktop/ROS2_playground/SCARA_robot/software/ros_scara_ws/install/micro_ros_msgs/share/micro_ros_msgs/environment/path.sh\n'}
[5.665133] (micro_ros_msgs) StdoutLine: {'line': b'-- Installing: /home/adrian/Desktop/ROS2_playground/SCARA_robot/software/ros_scara_ws/install/micro_ros_msgs/share/micro_ros_msgs/environment/path.dsv\n'}
[5.665264] (micro_ros_msgs) StdoutLine: {'line': b'-- Installing: /home/adrian/Desktop/ROS2_playground/SCARA_robot/software/ros_scara_ws/install/micro_ros_msgs/share/micro_ros_msgs/local_setup.bash\n'}
[5.665540] (micro_ros_msgs) StdoutLine: {'line': b'-- Installing: /home/adrian/Desktop/ROS2_playground/SCARA_robot/software/ros_scara_ws/install/micro_ros_msgs/share/micro_ros_msgs/local_setup.sh\n'}
[5.665717] (micro_ros_msgs) StdoutLine: {'line': b'-- Installing: /home/adrian/Desktop/ROS2_playground/SCARA_robot/software/ros_scara_ws/install/micro_ros_msgs/share/micro_ros_msgs/local_setup.zsh\n'}
[5.665966] (micro_ros_msgs) StdoutLine: {'line': b'-- Installing: /home/adrian/Desktop/ROS2_playground/SCARA_robot/software/ros_scara_ws/install/micro_ros_msgs/share/micro_ros_msgs/local_setup.dsv\n'}
[5.666205] (micro_ros_msgs) StdoutLine: {'line': b'-- Installing: /home/adrian/Desktop/ROS2_playground/SCARA_robot/software/ros_scara_ws/install/micro_ros_msgs/share/micro_ros_msgs/package.dsv\n'}
[5.666456] (micro_ros_msgs) StdoutLine: {'line': b'-- Installing: /home/adrian/Desktop/ROS2_playground/SCARA_robot/software/ros_scara_ws/install/micro_ros_msgs/share/ament_index/resource_index/packages/micro_ros_msgs\n'}
[5.666721] (micro_ros_msgs) StdoutLine: {'line': b'-- Installing: /home/adrian/Desktop/ROS2_playground/SCARA_robot/software/ros_scara_ws/install/micro_ros_msgs/share/micro_ros_msgs/cmake/export_micro_ros_msgs__rosidl_generator_cExport.cmake\n'}
[5.666895] (micro_ros_msgs) StdoutLine: {'line': b'-- Installing: /home/adrian/Desktop/ROS2_playground/SCARA_robot/software/ros_scara_ws/install/micro_ros_msgs/share/micro_ros_msgs/cmake/export_micro_ros_msgs__rosidl_generator_cExport-noconfig.cmake\n'}
[5.667070] (micro_ros_msgs) StdoutLine: {'line': b'-- Installing: /home/adrian/Desktop/ROS2_playground/SCARA_robot/software/ros_scara_ws/install/micro_ros_msgs/share/micro_ros_msgs/cmake/export_micro_ros_msgs__rosidl_typesupport_fastrtps_cExport.cmake\n'}
[5.667238] (micro_ros_msgs) StdoutLine: {'line': b'-- Installing: /home/adrian/Desktop/ROS2_playground/SCARA_robot/software/ros_scara_ws/install/micro_ros_msgs/share/micro_ros_msgs/cmake/export_micro_ros_msgs__rosidl_typesupport_fastrtps_cExport-noconfig.cmake\n'}
[5.667409] (micro_ros_msgs) StdoutLine: {'line': b'-- Installing: /home/adrian/Desktop/ROS2_playground/SCARA_robot/software/ros_scara_ws/install/micro_ros_msgs/share/micro_ros_msgs/cmake/micro_ros_msgs__rosidl_typesupport_introspection_cExport.cmake\n'}
[5.667579] (micro_ros_msgs) StdoutLine: {'line': b'-- Installing: /home/adrian/Desktop/ROS2_playground/SCARA_robot/software/ros_scara_ws/install/micro_ros_msgs/share/micro_ros_msgs/cmake/micro_ros_msgs__rosidl_typesupport_introspection_cExport-noconfig.cmake\n'}
[5.667755] (micro_ros_msgs) StdoutLine: {'line': b'-- Installing: /home/adrian/Desktop/ROS2_playground/SCARA_robot/software/ros_scara_ws/install/micro_ros_msgs/share/micro_ros_msgs/cmake/micro_ros_msgs__rosidl_typesupport_cExport.cmake\n'}
[5.667927] (micro_ros_msgs) StdoutLine: {'line': b'-- Installing: /home/adrian/Desktop/ROS2_playground/SCARA_robot/software/ros_scara_ws/install/micro_ros_msgs/share/micro_ros_msgs/cmake/micro_ros_msgs__rosidl_typesupport_cExport-noconfig.cmake\n'}
[5.668095] (micro_ros_msgs) StdoutLine: {'line': b'-- Installing: /home/adrian/Desktop/ROS2_playground/SCARA_robot/software/ros_scara_ws/install/micro_ros_msgs/share/micro_ros_msgs/cmake/export_micro_ros_msgs__rosidl_generator_cppExport.cmake\n'}
[5.668268] (micro_ros_msgs) StdoutLine: {'line': b'-- Installing: /home/adrian/Desktop/ROS2_playground/SCARA_robot/software/ros_scara_ws/install/micro_ros_msgs/share/micro_ros_msgs/cmake/export_micro_ros_msgs__rosidl_typesupport_fastrtps_cppExport.cmake\n'}
[5.668432] (micro_ros_msgs) StdoutLine: {'line': b'-- Installing: /home/adrian/Desktop/ROS2_playground/SCARA_robot/software/ros_scara_ws/install/micro_ros_msgs/share/micro_ros_msgs/cmake/export_micro_ros_msgs__rosidl_typesupport_fastrtps_cppExport-noconfig.cmake\n'}
[5.668618] (micro_ros_msgs) StdoutLine: {'line': b'-- Installing: /home/adrian/Desktop/ROS2_playground/SCARA_robot/software/ros_scara_ws/install/micro_ros_msgs/share/micro_ros_msgs/cmake/micro_ros_msgs__rosidl_typesupport_introspection_cppExport.cmake\n'}
[5.668784] (micro_ros_msgs) StdoutLine: {'line': b'-- Installing: /home/adrian/Desktop/ROS2_playground/SCARA_robot/software/ros_scara_ws/install/micro_ros_msgs/share/micro_ros_msgs/cmake/micro_ros_msgs__rosidl_typesupport_introspection_cppExport-noconfig.cmake\n'}
[5.668955] (micro_ros_msgs) StdoutLine: {'line': b'-- Installing: /home/adrian/Desktop/ROS2_playground/SCARA_robot/software/ros_scara_ws/install/micro_ros_msgs/share/micro_ros_msgs/cmake/micro_ros_msgs__rosidl_typesupport_cppExport.cmake\n'}
[5.669125] (micro_ros_msgs) StdoutLine: {'line': b'-- Installing: /home/adrian/Desktop/ROS2_playground/SCARA_robot/software/ros_scara_ws/install/micro_ros_msgs/share/micro_ros_msgs/cmake/micro_ros_msgs__rosidl_typesupport_cppExport-noconfig.cmake\n'}
[5.669302] (micro_ros_msgs) StdoutLine: {'line': b'-- Installing: /home/adrian/Desktop/ROS2_playground/SCARA_robot/software/ros_scara_ws/install/micro_ros_msgs/share/micro_ros_msgs/cmake/export_micro_ros_msgs__rosidl_generator_pyExport.cmake\n'}
[5.669465] (micro_ros_msgs) StdoutLine: {'line': b'-- Installing: /home/adrian/Desktop/ROS2_playground/SCARA_robot/software/ros_scara_ws/install/micro_ros_msgs/share/micro_ros_msgs/cmake/export_micro_ros_msgs__rosidl_generator_pyExport-noconfig.cmake\n'}
[5.669636] (micro_ros_msgs) StdoutLine: {'line': b'-- Installing: /home/adrian/Desktop/ROS2_playground/SCARA_robot/software/ros_scara_ws/install/micro_ros_msgs/share/micro_ros_msgs/cmake/rosidl_cmake-extras.cmake\n'}
[5.669792] (micro_ros_msgs) StdoutLine: {'line': b'-- Installing: /home/adrian/Desktop/ROS2_playground/SCARA_robot/software/ros_scara_ws/install/micro_ros_msgs/share/micro_ros_msgs/cmake/ament_cmake_export_include_directories-extras.cmake\n'}
[5.669954] (micro_ros_msgs) StdoutLine: {'line': b'-- Installing: /home/adrian/Desktop/ROS2_playground/SCARA_robot/software/ros_scara_ws/install/micro_ros_msgs/share/micro_ros_msgs/cmake/ament_cmake_export_libraries-extras.cmake\n'}
[5.670120] (micro_ros_msgs) StdoutLine: {'line': b'-- Installing: /home/adrian/Desktop/ROS2_playground/SCARA_robot/software/ros_scara_ws/install/micro_ros_msgs/share/micro_ros_msgs/cmake/ament_cmake_export_targets-extras.cmake\n'}
[5.670279] (micro_ros_msgs) StdoutLine: {'line': b'-- Installing: /home/adrian/Desktop/ROS2_playground/SCARA_robot/software/ros_scara_ws/install/micro_ros_msgs/share/micro_ros_msgs/cmake/rosidl_cmake_export_typesupport_targets-extras.cmake\n'}
[5.670435] (micro_ros_msgs) StdoutLine: {'line': b'-- Installing: /home/adrian/Desktop/ROS2_playground/SCARA_robot/software/ros_scara_ws/install/micro_ros_msgs/share/micro_ros_msgs/cmake/ament_cmake_export_dependencies-extras.cmake\n'}
[5.670637] (micro_ros_msgs) StdoutLine: {'line': b'-- Installing: /home/adrian/Desktop/ROS2_playground/SCARA_robot/software/ros_scara_ws/install/micro_ros_msgs/share/micro_ros_msgs/cmake/rosidl_cmake_export_typesupport_libraries-extras.cmake\n'}
[5.670799] (micro_ros_msgs) StdoutLine: {'line': b'-- Installing: /home/adrian/Desktop/ROS2_playground/SCARA_robot/software/ros_scara_ws/install/micro_ros_msgs/share/micro_ros_msgs/cmake/micro_ros_msgsConfig.cmake\n'}
[5.670939] (micro_ros_msgs) StdoutLine: {'line': b'-- Installing: /home/adrian/Desktop/ROS2_playground/SCARA_robot/software/ros_scara_ws/install/micro_ros_msgs/share/micro_ros_msgs/cmake/micro_ros_msgsConfig-version.cmake\n'}
[5.671094] (micro_ros_msgs) StdoutLine: {'line': b'-- Installing: /home/adrian/Desktop/ROS2_playground/SCARA_robot/software/ros_scara_ws/install/micro_ros_msgs/share/micro_ros_msgs/package.xml\n'}
[5.673296] (micro_ros_msgs) CommandEnded: {'returncode': 0}
[5.691774] (micro_ros_msgs) JobEnded: {'identifier': 'micro_ros_msgs', 'rc': 0}
[5.692151] (micro_ros_agent) JobStarted: {'identifier': 'micro_ros_agent'}
[5.701085] (micro_ros_agent) JobProgress: {'identifier': 'micro_ros_agent', 'progress': 'cmake'}
[5.701924] (micro_ros_agent) Command: {'cmd': ['/usr/bin/cmake', '/home/adrian/Desktop/ROS2_playground/SCARA_robot/software/ros_scara_ws/src/uros/micro-ROS-Agent/micro_ros_agent', '-DUAGENT_BUILD_EXECUTABLE=OFF', '-DUAGENT_P2P_PROFILE=OFF', '--no-warn-unused-cli', '-DCMAKE_INSTALL_PREFIX=/home/adrian/Desktop/ROS2_playground/SCARA_robot/software/ros_scara_ws/install/micro_ros_agent'], 'cwd': '/home/adrian/Desktop/ROS2_playground/SCARA_robot/software/ros_scara_ws/build/micro_ros_agent', 'env': OrderedDict({'TMUX': '/tmp/tmux-1000/default,3223,0', 'LANGUAGE': 'en_US:en', 'USER': 'adrian', 'LC_TIME': 'es_MX.UTF-8', 'GZ_CONFIG_PATH': '/opt/ros/jazzy/opt/gz_sim_vendor/share/gz:/opt/ros/jazzy/opt/sdformat_vendor/share/gz:/opt/ros/jazzy/opt/gz_gui_vendor/share/gz:/opt/ros/jazzy/opt/gz_transport_vendor/share/gz:/opt/ros/jazzy/opt/gz_rendering_vendor/share/gz:/opt/ros/jazzy/opt/gz_plugin_vendor/share/gz:/opt/ros/jazzy/opt/gz_fuel_tools_vendor/share/gz:/opt/ros/jazzy/opt/gz_msgs_vendor/share/gz:/opt/ros/jazzy/opt/gz_common_vendor/share/gz', 'PT8HOME': '/opt/pt', 'XDG_SESSION_TYPE': 'x11', 'GIT_ASKPASS': '/usr/share/code/resources/app/extensions/git/dist/askpass.sh', 'CLUTTER_DISABLE_MIPMAPPED_TEXT': '1', 'SHLVL': '4', 'LD_LIBRARY_PATH': '/home/adrian/Desktop/ROS2_playground/SCARA_robot/software/ros_scara_ws/install/micro_ros_msgs/lib:/home/adrian/Desktop/ROS2_playground/SCARA_robot/software/ros_scara_ws/install/custom_msg_svrs/lib:/opt/ros/jazzy/opt/gz_sim_vendor/lib:/opt/ros/jazzy/opt/gz_sensors_vendor/lib:/opt/ros/jazzy/opt/gz_physics_vendor/lib:/opt/ros/jazzy/opt/sdformat_vendor/lib:/opt/ros/jazzy/opt/rviz_ogre_vendor/lib:/opt/ros/jazzy/lib/x86_64-linux-gnu:/opt/ros/jazzy/opt/gz_gui_vendor/lib:/opt/ros/jazzy/opt/gz_transport_vendor/lib:/opt/ros/jazzy/opt/gz_rendering_vendor/lib:/opt/ros/jazzy/opt/gz_plugin_vendor/lib:/opt/ros/jazzy/opt/gz_fuel_tools_vendor/lib:/opt/ros/jazzy/opt/gz_msgs_vendor/lib:/opt/ros/jazzy/opt/gz_common_vendor/lib:/opt/ros/jazzy/opt/gz_math_vendor/lib:/opt/ros/jazzy/opt/gz_utils_vendor/lib:/opt/ros/jazzy/opt/gz_tools_vendor/lib:/opt/ros/jazzy/opt/gz_ogre_next_vendor/lib:/opt/ros/jazzy/opt/gz_dartsim_vendor/lib:/opt/ros/jazzy/opt/gz_cmake_vendor/lib:/opt/ros/jazzy/lib', 'HOME': '/home/adrian', 'CHROME_DESKTOP': 'code.desktop', 'OLDPWD': '/home/adrian/Desktop/ROS2_playground/SCARA_robot/software', 'TERM_PROGRAM_VERSION': '1.98.0', 'DESKTOP_SESSION': 'ubuntu', 'ROS_PYTHON_VERSION': '3', 'GNOME_SHELL_SESSION_MODE': 'ubuntu', 'GTK_MODULES': 'gail:atk-bridge', 'VSCODE_GIT_ASKPASS_MAIN': '/usr/share/code/resources/app/extensions/git/dist/askpass-main.js', 'LC_MONETARY': 'es_MX.UTF-8', 'VSCODE_GIT_ASKPASS_NODE': '/usr/share/code/code', 'P9K_TTY': 'old', 'PYDEVD_DISABLE_FILE_VALIDATION': '1', 'SYSTEMD_EXEC_PID': '2154', 'BUNDLED_DEBUGPY_PATH': '/home/adrian/.vscode/extensions/ms-python.debugpy-2025.8.0-linux-x64/bundled/libs/debugpy', 'GSM_SKIP_SSH_AGENT_WORKAROUND': 'true', 'DBUS_SESSION_BUS_ADDRESS': 'unix:path=/run/user/1000/bus', 'COLORTERM': 'truecolor', 'ZPFX': '/home/adrian/.local/share/zinit/polaris', 'DEBUGINFOD_URLS': 'https://debuginfod.ubuntu.com', 'COLCON_PREFIX_PATH': '/home/adrian/Desktop/ROS2_playground/SCARA_robot/software/ros_scara_ws/install', 'ROS_DISTRO': 'jazzy', 'LOGNAME': 'adrian', '_P9K_SSH_TTY': '/dev/pts/1', '_': '/usr/bin/colcon', 'ROS_VERSION': '2', 'USER_ZDOTDIR': '/home/adrian', 'MEMORY_PRESSURE_WATCH': '/sys/fs/cgroup/user.slice/user-1000.slice/user@1000.service/session.slice/org.gnome.Shell@x11.service/memory.pressure', 'XDG_SESSION_CLASS': 'user', 'FUNCNEST': '100', 'USERNAME': 'adrian', 'TERM': 'xterm-256color', 'GNOME_DESKTOP_SESSION_ID': 'this-is-deprecated', 'ZSH_CACHE_DIR': '/home/adrian/.cache/zinit', 'PMSPEC': '0uUpiPsf', 'WINDOWPATH': '2', 'PATH': '/home/adrian/.vscode/extensions/ms-python.python-2025.6.1-linux-x64/python_files/deactivate/zsh:/home/adrian/py_ros2/bin:/home/adrian/.vscode/extensions/ms-python.python-2025.6.1-linux-x64/python_files/deactivate/zsh:/home/adrian/py_ros2/bin:/opt/ros/jazzy/opt/gz_msgs_vendor/bin:/opt/ros/jazzy/opt/gz_tools_vendor/bin:/opt/ros/jazzy/opt/gz_ogre_next_vendor/bin:/opt/ros/jazzy/bin:/home/adrian/.local/share/zinit/polaris/bin:/home/adrian/.local/bin:/usr/local/sbin:/usr/local/bin:/usr/sbin:/usr/bin:/sbin:/bin:/usr/games:/usr/local/games:/snap/bin:/snap/bin', 'SESSION_MANAGER': 'local/laptop:@/tmp/.ICE-unix/2111,unix/laptop:/tmp/.ICE-unix/2111', 'PAPERSIZE': 'letter', 'XDG_MENU_PREFIX': 'gnome-', 'LC_ADDRESS': 'es_MX.UTF-8', 'GNOME_TERMINAL_SCREEN': '/org/gnome/Terminal/screen/7339cad8_772e_4bef_82e4_80f6ab1fe53c', 'XDG_RUNTIME_DIR': '/run/user/1000', 'GDK_BACKEND': 'x11', 'DISPLAY': ':0', 'VSCODE_DEBUGPY_ADAPTER_ENDPOINTS': '/home/adrian/.vscode/extensions/ms-python.debugpy-2025.8.0-linux-x64/.noConfigDebugAdapterEndpoints/endpoint-d384532af5ea6b98.txt', 'VSCODE_INJECTION': '1', 'LANG': 'en_US.UTF-8', 'XDG_CURRENT_DESKTOP': 'Unity', 'LC_TELEPHONE': 'es_MX.UTF-8', 'XMODIFIERS': '@im=ibus', 'XDG_SESSION_DESKTOP': 'ubuntu', 'XAUTHORITY': '/run/user/1000/gdm/Xauthority', 'VSCODE_GIT_IPC_HANDLE': '/run/user/1000/vscode-git-961a0a0869.sock', 'GNOME_TERMINAL_SERVICE': ':1.99', 'TERM_PROGRAM': 'vscode', 'SSH_AUTH_SOCK': '/run/user/1000/keyring/ssh', 'ROS_DOMAIN_ID': '0', 'AMENT_PREFIX_PATH': '/home/adrian/Desktop/ROS2_playground/SCARA_robot/software/ros_scara_ws/install/micro_ros_msgs:/home/adrian/Desktop/ROS2_playground/SCARA_robot/software/ros_scara_ws/install/scara_control:/home/adrian/Desktop/ROS2_playground/SCARA_robot/software/ros_scara_ws/install/plc_chat:/home/adrian/Desktop/ROS2_playground/SCARA_robot/software/ros_scara_ws/install/micro_ros_setup:/home/adrian/Desktop/ROS2_playground/SCARA_robot/software/ros_scara_ws/install/custom_msg_svrs:/home/adrian/Desktop/ROS2_playground/SCARA_robot/software/ros_scara_ws/install/box_detector:/opt/ros/jazzy', 'ORIGINAL_XDG_CURRENT_DESKTOP': 'ubuntu:GNOME', 'SHELL': '/bin/zsh', 'LC_NAME': 'es_MX.UTF-8', 'QT_ACCESSIBILITY': '1', 'GIT_DISCOVERY_ACROSS_FILESYSTEM': '1', 'GDMSESSION': 'ubuntu', 'IGN_GAZEBO_RESOURCE_PATH': '/opt/ros/jazzy/share', 'LC_MEASUREMENT': 'es_MX.UTF-8', 'GPG_AGENT_INFO': '/run/user/1000/gnupg/S.gpg-agent:0:1', 'LC_IDENTIFICATION': 'es_MX.UTF-8', 'P9K_SSH': '0', 'ROS_AUTOMATIC_DISCOVERY_RANGE': 'SUBNET', 'VSCODE_GIT_ASKPASS_EXTRA_ARGS': '', 'VSCODE_NONCE': '2f39c552-07d1-43c0-8743-a3d11540787b', 'QT_IM_MODULE': 'ibus', 'PWD': '/home/adrian/Desktop/ROS2_playground/SCARA_robot/software/ros_scara_ws/build/micro_ros_agent', 'LC_ALL': 'en_US.UTF-8', 'XDG_CONFIG_DIRS': '/etc/xdg/xdg-ubuntu:/etc/xdg', '_P9K_TTY': '/dev/pts/1', 'ZDOTDIR': '/home/adrian', 'XDG_DATA_DIRS': '/usr/share/ubuntu:/usr/share/gnome:/usr/local/share/:/usr/share/:/var/lib/snapd/desktop', 'PYTHONPATH': '/home/adrian/Desktop/ROS2_playground/SCARA_robot/software/ros_scara_ws/install/micro_ros_msgs/lib/python3.12/site-packages:/home/adrian/Desktop/ROS2_playground/SCARA_robot/software/ros_scara_ws/install/scara_control/lib/python3.12/site-packages:/home/adrian/Desktop/ROS2_playground/SCARA_robot/software/ros_scara_ws/install/plc_chat/lib/python3.12/site-packages:/home/adrian/Desktop/ROS2_playground/SCARA_robot/software/ros_scara_ws/install/custom_msg_svrs/lib/python3.12/site-packages:/home/adrian/Desktop/ROS2_playground/SCARA_robot/software/ros_scara_ws/install/box_detector/lib/python3.12/site-packages:/opt/ros/jazzy/lib/python3.12/site-packages', 'LC_NUMERIC': 'es_MX.UTF-8', 'TMUX_PLUGIN_MANAGER_PATH': '/home/adrian/.tmux/plugins/', 'LC_PAPER': 'es_MX.UTF-8', 'COLCON': '1', 'MEMORY_PRESSURE_WRITE': 'c29tZSAyMDAwMDAgMjAwMDAwMAA=', 'VTE_VERSION': '7600', 'TMUX_PANE': '%3', 'CMAKE_PREFIX_PATH': '/home/adrian/Desktop/ROS2_playground/SCARA_robot/software/ros_scara_ws/install/micro_ros_msgs:/home/adrian/Desktop/ROS2_playground/SCARA_robot/software/ros_scara_ws/install/micro_ros_setup:/home/adrian/Desktop/ROS2_playground/SCARA_robot/software/ros_scara_ws/install/custom_msg_svrs:/opt/ros/jazzy/opt/gz_sim_vendor:/opt/ros/jazzy/opt/gz_sensors_vendor:/opt/ros/jazzy/opt/gz_physics_vendor:/opt/ros/jazzy/opt/sdformat_vendor:/opt/ros/jazzy/opt/gz_gui_vendor:/opt/ros/jazzy/opt/gz_transport_vendor:/opt/ros/jazzy/opt/gz_rendering_vendor:/opt/ros/jazzy/opt/gz_plugin_vendor:/opt/ros/jazzy/opt/gz_fuel_tools_vendor:/opt/ros/jazzy/opt/gz_msgs_vendor:/opt/ros/jazzy/opt/gz_common_vendor:/opt/ros/jazzy/opt/gz_math_vendor:/opt/ros/jazzy/opt/gz_utils_vendor:/opt/ros/jazzy/opt/gz_tools_vendor:/opt/ros/jazzy/opt/gz_ogre_next_vendor:/opt/ros/jazzy/opt/gz_dartsim_vendor:/opt/ros/jazzy/opt/gz_cmake_vendor:/home/adrian/Desktop/ROS2_playground/SCARA_robot/software/ros_scara_ws/install/scara_control:/home/adrian/Desktop/ROS2_playground/SCARA_robot/software/ros_scara_ws/install/plc_chat:/home/adrian/Desktop/ROS2_playground/SCARA_robot/software/ros_scara_ws/install/box_detector:/opt/ros/jazzy', 'LIBGL_DRIVERS_PATH': '/usr/lib/x86_64-linux-gnu/dri'}), 'shell': False}
[5.711844] (micro_ros_agent) StdoutLine: {'line': b'Not searching for unused variables given on the command line.\n'}
[5.717426] (-) TimerEvent: {}
[5.768665] (micro_ros_agent) StdoutLine: {'line': b'-- The C compiler identification is GNU 13.3.0\n'}
[5.781818] (micro_ros_agent) StdoutLine: {'line': b'-- Detecting C compiler ABI info\n'}
[5.817540] (-) TimerEvent: {}
[5.872195] (micro_ros_agent) StdoutLine: {'line': b'-- Detecting C compiler ABI info - done\n'}
[5.880568] (micro_ros_agent) StdoutLine: {'line': b'-- Check for working C compiler: /usr/bin/cc - skipped\n'}
[5.880856] (micro_ros_agent) StdoutLine: {'line': b'-- Detecting C compile features\n'}
[5.881193] (micro_ros_agent) StdoutLine: {'line': b'-- Detecting C compile features - done\n'}
[5.917638] (-) TimerEvent: {}
[5.927992] (micro_ros_agent) StdoutLine: {'line': b'-- The CXX compiler identification is GNU 13.3.0\n'}
[5.941135] (micro_ros_agent) StdoutLine: {'line': b'-- Detecting CXX compiler ABI info\n'}
[6.017742] (-) TimerEvent: {}
[6.042613] (micro_ros_agent) StdoutLine: {'line': b'-- Detecting CXX compiler ABI info - done\n'}
[6.050338] (micro_ros_agent) StdoutLine: {'line': b'-- Check for working CXX compiler: /usr/bin/c++ - skipped\n'}
[6.050610] (micro_ros_agent) StdoutLine: {'line': b'-- Detecting CXX compile features\n'}
[6.050991] (micro_ros_agent) StdoutLine: {'line': b'-- Detecting CXX compile features - done\n'}
[6.091089] (micro_ros_agent) StdoutLine: {'line': b'-- Configuring done (0.4s)\n'}
[6.095752] (micro_ros_agent) StdoutLine: {'line': b'-- Generating done (0.0s)\n'}
[6.097150] (micro_ros_agent) StdoutLine: {'line': b'-- Build files have been written to: /home/adrian/Desktop/ROS2_playground/SCARA_robot/software/ros_scara_ws/build/micro_ros_agent\n'}
[6.100912] (micro_ros_agent) CommandEnded: {'returncode': 0}
[6.101416] (micro_ros_agent) JobProgress: {'identifier': 'micro_ros_agent', 'progress': 'build'}
[6.101818] (micro_ros_agent) Command: {'cmd': ['/usr/bin/cmake', '--build', '/home/adrian/Desktop/ROS2_playground/SCARA_robot/software/ros_scara_ws/build/micro_ros_agent', '--', '-j12', '-l12'], 'cwd': '/home/adrian/Desktop/ROS2_playground/SCARA_robot/software/ros_scara_ws/build/micro_ros_agent', 'env': OrderedDict({'TMUX': '/tmp/tmux-1000/default,3223,0', 'LANGUAGE': 'en_US:en', 'USER': 'adrian', 'LC_TIME': 'es_MX.UTF-8', 'GZ_CONFIG_PATH': '/opt/ros/jazzy/opt/gz_sim_vendor/share/gz:/opt/ros/jazzy/opt/sdformat_vendor/share/gz:/opt/ros/jazzy/opt/gz_gui_vendor/share/gz:/opt/ros/jazzy/opt/gz_transport_vendor/share/gz:/opt/ros/jazzy/opt/gz_rendering_vendor/share/gz:/opt/ros/jazzy/opt/gz_plugin_vendor/share/gz:/opt/ros/jazzy/opt/gz_fuel_tools_vendor/share/gz:/opt/ros/jazzy/opt/gz_msgs_vendor/share/gz:/opt/ros/jazzy/opt/gz_common_vendor/share/gz', 'PT8HOME': '/opt/pt', 'XDG_SESSION_TYPE': 'x11', 'GIT_ASKPASS': '/usr/share/code/resources/app/extensions/git/dist/askpass.sh', 'CLUTTER_DISABLE_MIPMAPPED_TEXT': '1', 'SHLVL': '4', 'LD_LIBRARY_PATH': '/home/adrian/Desktop/ROS2_playground/SCARA_robot/software/ros_scara_ws/install/micro_ros_msgs/lib:/home/adrian/Desktop/ROS2_playground/SCARA_robot/software/ros_scara_ws/install/custom_msg_svrs/lib:/opt/ros/jazzy/opt/gz_sim_vendor/lib:/opt/ros/jazzy/opt/gz_sensors_vendor/lib:/opt/ros/jazzy/opt/gz_physics_vendor/lib:/opt/ros/jazzy/opt/sdformat_vendor/lib:/opt/ros/jazzy/opt/rviz_ogre_vendor/lib:/opt/ros/jazzy/lib/x86_64-linux-gnu:/opt/ros/jazzy/opt/gz_gui_vendor/lib:/opt/ros/jazzy/opt/gz_transport_vendor/lib:/opt/ros/jazzy/opt/gz_rendering_vendor/lib:/opt/ros/jazzy/opt/gz_plugin_vendor/lib:/opt/ros/jazzy/opt/gz_fuel_tools_vendor/lib:/opt/ros/jazzy/opt/gz_msgs_vendor/lib:/opt/ros/jazzy/opt/gz_common_vendor/lib:/opt/ros/jazzy/opt/gz_math_vendor/lib:/opt/ros/jazzy/opt/gz_utils_vendor/lib:/opt/ros/jazzy/opt/gz_tools_vendor/lib:/opt/ros/jazzy/opt/gz_ogre_next_vendor/lib:/opt/ros/jazzy/opt/gz_dartsim_vendor/lib:/opt/ros/jazzy/opt/gz_cmake_vendor/lib:/opt/ros/jazzy/lib', 'HOME': '/home/adrian', 'CHROME_DESKTOP': 'code.desktop', 'OLDPWD': '/home/adrian/Desktop/ROS2_playground/SCARA_robot/software', 'TERM_PROGRAM_VERSION': '1.98.0', 'DESKTOP_SESSION': 'ubuntu', 'ROS_PYTHON_VERSION': '3', 'GNOME_SHELL_SESSION_MODE': 'ubuntu', 'GTK_MODULES': 'gail:atk-bridge', 'VSCODE_GIT_ASKPASS_MAIN': '/usr/share/code/resources/app/extensions/git/dist/askpass-main.js', 'LC_MONETARY': 'es_MX.UTF-8', 'VSCODE_GIT_ASKPASS_NODE': '/usr/share/code/code', 'P9K_TTY': 'old', 'PYDEVD_DISABLE_FILE_VALIDATION': '1', 'SYSTEMD_EXEC_PID': '2154', 'BUNDLED_DEBUGPY_PATH': '/home/adrian/.vscode/extensions/ms-python.debugpy-2025.8.0-linux-x64/bundled/libs/debugpy', 'GSM_SKIP_SSH_AGENT_WORKAROUND': 'true', 'DBUS_SESSION_BUS_ADDRESS': 'unix:path=/run/user/1000/bus', 'COLORTERM': 'truecolor', 'ZPFX': '/home/adrian/.local/share/zinit/polaris', 'DEBUGINFOD_URLS': 'https://debuginfod.ubuntu.com', 'COLCON_PREFIX_PATH': '/home/adrian/Desktop/ROS2_playground/SCARA_robot/software/ros_scara_ws/install', 'ROS_DISTRO': 'jazzy', 'LOGNAME': 'adrian', '_P9K_SSH_TTY': '/dev/pts/1', '_': '/usr/bin/colcon', 'ROS_VERSION': '2', 'USER_ZDOTDIR': '/home/adrian', 'MEMORY_PRESSURE_WATCH': '/sys/fs/cgroup/user.slice/user-1000.slice/user@1000.service/session.slice/org.gnome.Shell@x11.service/memory.pressure', 'XDG_SESSION_CLASS': 'user', 'FUNCNEST': '100', 'USERNAME': 'adrian', 'TERM': 'xterm-256color', 'GNOME_DESKTOP_SESSION_ID': 'this-is-deprecated', 'ZSH_CACHE_DIR': '/home/adrian/.cache/zinit', 'PMSPEC': '0uUpiPsf', 'WINDOWPATH': '2', 'PATH': '/home/adrian/.vscode/extensions/ms-python.python-2025.6.1-linux-x64/python_files/deactivate/zsh:/home/adrian/py_ros2/bin:/home/adrian/.vscode/extensions/ms-python.python-2025.6.1-linux-x64/python_files/deactivate/zsh:/home/adrian/py_ros2/bin:/opt/ros/jazzy/opt/gz_msgs_vendor/bin:/opt/ros/jazzy/opt/gz_tools_vendor/bin:/opt/ros/jazzy/opt/gz_ogre_next_vendor/bin:/opt/ros/jazzy/bin:/home/adrian/.local/share/zinit/polaris/bin:/home/adrian/.local/bin:/usr/local/sbin:/usr/local/bin:/usr/sbin:/usr/bin:/sbin:/bin:/usr/games:/usr/local/games:/snap/bin:/snap/bin', 'SESSION_MANAGER': 'local/laptop:@/tmp/.ICE-unix/2111,unix/laptop:/tmp/.ICE-unix/2111', 'PAPERSIZE': 'letter', 'XDG_MENU_PREFIX': 'gnome-', 'LC_ADDRESS': 'es_MX.UTF-8', 'GNOME_TERMINAL_SCREEN': '/org/gnome/Terminal/screen/7339cad8_772e_4bef_82e4_80f6ab1fe53c', 'XDG_RUNTIME_DIR': '/run/user/1000', 'GDK_BACKEND': 'x11', 'DISPLAY': ':0', 'VSCODE_DEBUGPY_ADAPTER_ENDPOINTS': '/home/adrian/.vscode/extensions/ms-python.debugpy-2025.8.0-linux-x64/.noConfigDebugAdapterEndpoints/endpoint-d384532af5ea6b98.txt', 'VSCODE_INJECTION': '1', 'LANG': 'en_US.UTF-8', 'XDG_CURRENT_DESKTOP': 'Unity', 'LC_TELEPHONE': 'es_MX.UTF-8', 'XMODIFIERS': '@im=ibus', 'XDG_SESSION_DESKTOP': 'ubuntu', 'XAUTHORITY': '/run/user/1000/gdm/Xauthority', 'VSCODE_GIT_IPC_HANDLE': '/run/user/1000/vscode-git-961a0a0869.sock', 'GNOME_TERMINAL_SERVICE': ':1.99', 'TERM_PROGRAM': 'vscode', 'SSH_AUTH_SOCK': '/run/user/1000/keyring/ssh', 'ROS_DOMAIN_ID': '0', 'AMENT_PREFIX_PATH': '/home/adrian/Desktop/ROS2_playground/SCARA_robot/software/ros_scara_ws/install/micro_ros_msgs:/home/adrian/Desktop/ROS2_playground/SCARA_robot/software/ros_scara_ws/install/scara_control:/home/adrian/Desktop/ROS2_playground/SCARA_robot/software/ros_scara_ws/install/plc_chat:/home/adrian/Desktop/ROS2_playground/SCARA_robot/software/ros_scara_ws/install/micro_ros_setup:/home/adrian/Desktop/ROS2_playground/SCARA_robot/software/ros_scara_ws/install/custom_msg_svrs:/home/adrian/Desktop/ROS2_playground/SCARA_robot/software/ros_scara_ws/install/box_detector:/opt/ros/jazzy', 'ORIGINAL_XDG_CURRENT_DESKTOP': 'ubuntu:GNOME', 'SHELL': '/bin/zsh', 'LC_NAME': 'es_MX.UTF-8', 'QT_ACCESSIBILITY': '1', 'GIT_DISCOVERY_ACROSS_FILESYSTEM': '1', 'GDMSESSION': 'ubuntu', 'IGN_GAZEBO_RESOURCE_PATH': '/opt/ros/jazzy/share', 'LC_MEASUREMENT': 'es_MX.UTF-8', 'GPG_AGENT_INFO': '/run/user/1000/gnupg/S.gpg-agent:0:1', 'LC_IDENTIFICATION': 'es_MX.UTF-8', 'P9K_SSH': '0', 'ROS_AUTOMATIC_DISCOVERY_RANGE': 'SUBNET', 'VSCODE_GIT_ASKPASS_EXTRA_ARGS': '', 'VSCODE_NONCE': '2f39c552-07d1-43c0-8743-a3d11540787b', 'QT_IM_MODULE': 'ibus', 'PWD': '/home/adrian/Desktop/ROS2_playground/SCARA_robot/software/ros_scara_ws/build/micro_ros_agent', 'LC_ALL': 'en_US.UTF-8', 'XDG_CONFIG_DIRS': '/etc/xdg/xdg-ubuntu:/etc/xdg', '_P9K_TTY': '/dev/pts/1', 'ZDOTDIR': '/home/adrian', 'XDG_DATA_DIRS': '/usr/share/ubuntu:/usr/share/gnome:/usr/local/share/:/usr/share/:/var/lib/snapd/desktop', 'PYTHONPATH': '/home/adrian/Desktop/ROS2_playground/SCARA_robot/software/ros_scara_ws/install/micro_ros_msgs/lib/python3.12/site-packages:/home/adrian/Desktop/ROS2_playground/SCARA_robot/software/ros_scara_ws/install/scara_control/lib/python3.12/site-packages:/home/adrian/Desktop/ROS2_playground/SCARA_robot/software/ros_scara_ws/install/plc_chat/lib/python3.12/site-packages:/home/adrian/Desktop/ROS2_playground/SCARA_robot/software/ros_scara_ws/install/custom_msg_svrs/lib/python3.12/site-packages:/home/adrian/Desktop/ROS2_playground/SCARA_robot/software/ros_scara_ws/install/box_detector/lib/python3.12/site-packages:/opt/ros/jazzy/lib/python3.12/site-packages', 'LC_NUMERIC': 'es_MX.UTF-8', 'TMUX_PLUGIN_MANAGER_PATH': '/home/adrian/.tmux/plugins/', 'LC_PAPER': 'es_MX.UTF-8', 'COLCON': '1', 'MEMORY_PRESSURE_WRITE': 'c29tZSAyMDAwMDAgMjAwMDAwMAA=', 'VTE_VERSION': '7600', 'TMUX_PANE': '%3', 'CMAKE_PREFIX_PATH': '/home/adrian/Desktop/ROS2_playground/SCARA_robot/software/ros_scara_ws/install/micro_ros_msgs:/home/adrian/Desktop/ROS2_playground/SCARA_robot/software/ros_scara_ws/install/micro_ros_setup:/home/adrian/Desktop/ROS2_playground/SCARA_robot/software/ros_scara_ws/install/custom_msg_svrs:/opt/ros/jazzy/opt/gz_sim_vendor:/opt/ros/jazzy/opt/gz_sensors_vendor:/opt/ros/jazzy/opt/gz_physics_vendor:/opt/ros/jazzy/opt/sdformat_vendor:/opt/ros/jazzy/opt/gz_gui_vendor:/opt/ros/jazzy/opt/gz_transport_vendor:/opt/ros/jazzy/opt/gz_rendering_vendor:/opt/ros/jazzy/opt/gz_plugin_vendor:/opt/ros/jazzy/opt/gz_fuel_tools_vendor:/opt/ros/jazzy/opt/gz_msgs_vendor:/opt/ros/jazzy/opt/gz_common_vendor:/opt/ros/jazzy/opt/gz_math_vendor:/opt/ros/jazzy/opt/gz_utils_vendor:/opt/ros/jazzy/opt/gz_tools_vendor:/opt/ros/jazzy/opt/gz_ogre_next_vendor:/opt/ros/jazzy/opt/gz_dartsim_vendor:/opt/ros/jazzy/opt/gz_cmake_vendor:/home/adrian/Desktop/ROS2_playground/SCARA_robot/software/ros_scara_ws/install/scara_control:/home/adrian/Desktop/ROS2_playground/SCARA_robot/software/ros_scara_ws/install/plc_chat:/home/adrian/Desktop/ROS2_playground/SCARA_robot/software/ros_scara_ws/install/box_detector:/opt/ros/jazzy', 'LIBGL_DRIVERS_PATH': '/usr/lib/x86_64-linux-gnu/dri'}), 'shell': False}
[6.117815] (-) TimerEvent: {}
[6.153608] (micro_ros_agent) StdoutLine: {'line': b"[  6%] \x1b[34m\x1b[1mCreating directories for 'xrceagent'\x1b[0m\n"}
[6.182116] (micro_ros_agent) StdoutLine: {'line': b"[ 12%] \x1b[34m\x1b[1mPerforming download step (git clone) for 'xrceagent'\x1b[0m\n"}
[6.204182] (micro_ros_agent) StderrLine: {'line': b"Cloning into 'xrceagent'...\n"}
[6.217910] (-) TimerEvent: {}
[6.318149] (-) TimerEvent: {}
[6.418404] (-) TimerEvent: {}
[6.518800] (-) TimerEvent: {}
[6.619667] (-) TimerEvent: {}
[6.720252] (-) TimerEvent: {}
[6.820765] (-) TimerEvent: {}
[6.921156] (-) TimerEvent: {}
[7.021397] (-) TimerEvent: {}
[7.121660] (-) TimerEvent: {}
[7.221943] (-) TimerEvent: {}
[7.322372] (-) TimerEvent: {}
[7.422852] (-) TimerEvent: {}
[7.523616] (-) TimerEvent: {}
[7.624141] (-) TimerEvent: {}
[7.724455] (-) TimerEvent: {}
[7.824747] (-) TimerEvent: {}
[7.925037] (-) TimerEvent: {}
[8.025309] (-) TimerEvent: {}
[8.125550] (-) TimerEvent: {}
[8.225828] (-) TimerEvent: {}
[8.326173] (-) TimerEvent: {}
[8.426547] (-) TimerEvent: {}
[8.526824] (-) TimerEvent: {}
[8.627098] (-) TimerEvent: {}
[8.727391] (-) TimerEvent: {}
[8.827796] (-) TimerEvent: {}
[8.928268] (-) TimerEvent: {}
[9.028611] (-) TimerEvent: {}
[9.128974] (-) TimerEvent: {}
[9.229347] (-) TimerEvent: {}
[9.329717] (-) TimerEvent: {}
[9.430119] (-) TimerEvent: {}
[9.530557] (-) TimerEvent: {}
[9.631139] (-) TimerEvent: {}
[9.731407] (-) TimerEvent: {}
[9.831729] (-) TimerEvent: {}
[9.932070] (-) TimerEvent: {}
[10.032411] (-) TimerEvent: {}
[10.132774] (-) TimerEvent: {}
[10.233053] (-) TimerEvent: {}
[10.333338] (-) TimerEvent: {}
[10.433725] (-) TimerEvent: {}
[10.534005] (-) TimerEvent: {}
[10.634295] (-) TimerEvent: {}
[10.734669] (-) TimerEvent: {}
[10.834996] (-) TimerEvent: {}
[10.935293] (-) TimerEvent: {}
[11.035602] (-) TimerEvent: {}
[11.135925] (-) TimerEvent: {}
[11.236187] (-) TimerEvent: {}
[11.336419] (-) TimerEvent: {}
[11.436718] (-) TimerEvent: {}
[11.442630] (micro_ros_agent) StderrLine: {'line': b'HEAD is now at 7362281 Release v2.4.3\n'}
[11.499373] (micro_ros_agent) StdoutLine: {'line': b"[ 18%] \x1b[34m\x1b[1mPerforming update step for 'xrceagent'\x1b[0m\n"}
[11.525809] (micro_ros_agent) StdoutLine: {'line': b"[ 25%] \x1b[34m\x1b[1mNo patch step for 'xrceagent'\x1b[0m\n"}
[11.536790] (-) TimerEvent: {}
[11.553336] (micro_ros_agent) StdoutLine: {'line': b"[ 31%] \x1b[34m\x1b[1mPerforming configure step for 'xrceagent'\x1b[0m\n"}
[11.563868] (micro_ros_agent) StdoutLine: {'line': b'loading initial cache file /home/adrian/Desktop/ROS2_playground/SCARA_robot/software/ros_scara_ws/build/micro_ros_agent/agent/tmp/xrceagent-cache-.cmake\n'}
[11.618220] (micro_ros_agent) StdoutLine: {'line': b'-- The C compiler identification is GNU 13.3.0\n'}
[11.630815] (micro_ros_agent) StdoutLine: {'line': b'-- Detecting C compiler ABI info\n'}
[11.636864] (-) TimerEvent: {}
[11.721061] (micro_ros_agent) StdoutLine: {'line': b'-- Detecting C compiler ABI info - done\n'}
[11.729376] (micro_ros_agent) StdoutLine: {'line': b'-- Check for working C compiler: /usr/bin/cc - skipped\n'}
[11.729683] (micro_ros_agent) StdoutLine: {'line': b'-- Detecting C compile features\n'}
[11.730078] (micro_ros_agent) StdoutLine: {'line': b'-- Detecting C compile features - done\n'}
[11.736938] (-) TimerEvent: {}
[11.779078] (micro_ros_agent) StdoutLine: {'line': b'-- The CXX compiler identification is GNU 13.3.0\n'}
[11.793798] (micro_ros_agent) StdoutLine: {'line': b'-- Detecting CXX compiler ABI info\n'}
[11.837050] (-) TimerEvent: {}
[11.893236] (micro_ros_agent) StdoutLine: {'line': b'-- Detecting CXX compiler ABI info - done\n'}
[11.902103] (micro_ros_agent) StdoutLine: {'line': b'-- Check for working CXX compiler: /usr/bin/c++ - skipped\n'}
[11.902352] (micro_ros_agent) StdoutLine: {'line': b'-- Detecting CXX compile features\n'}
[11.902709] (micro_ros_agent) StdoutLine: {'line': b'-- Detecting CXX compile features - done\n'}
[11.937159] (-) TimerEvent: {}
[11.942496] (micro_ros_agent) StdoutLine: {'line': b'-- Configuring done (0.4s)\n'}
[11.946821] (micro_ros_agent) StdoutLine: {'line': b'-- Generating done (0.0s)\n'}
[11.947629] (micro_ros_agent) StdoutLine: {'line': b'-- Build files have been written to: /home/adrian/Desktop/ROS2_playground/SCARA_robot/software/ros_scara_ws/build/micro_ros_agent/agent/src/xrceagent-build\n'}
[11.971907] (micro_ros_agent) StdoutLine: {'line': b"[ 37%] \x1b[34m\x1b[1mPerforming build step for 'xrceagent'\x1b[0m\n"}
[12.017306] (micro_ros_agent) StdoutLine: {'line': b"[  6%] \x1b[34m\x1b[1mCreating directories for 'spdlog'\x1b[0m\n"}
[12.037266] (-) TimerEvent: {}
[12.048277] (micro_ros_agent) StdoutLine: {'line': b"[ 12%] \x1b[34m\x1b[1mPerforming download step (git clone) for 'spdlog'\x1b[0m\n"}
[12.072039] (micro_ros_agent) StderrLine: {'line': b"Cloning into 'spdlog'...\n"}
[12.137374] (-) TimerEvent: {}
[12.237670] (-) TimerEvent: {}
[12.338471] (-) TimerEvent: {}
[12.438781] (-) TimerEvent: {}
[12.539043] (-) TimerEvent: {}
[12.639325] (-) TimerEvent: {}
[12.739968] (-) TimerEvent: {}
[12.840248] (-) TimerEvent: {}
[12.940587] (-) TimerEvent: {}
[13.040849] (-) TimerEvent: {}
[13.141100] (-) TimerEvent: {}
[13.241346] (-) TimerEvent: {}
[13.341604] (-) TimerEvent: {}
[13.441861] (-) TimerEvent: {}
[13.542117] (-) TimerEvent: {}
[13.642380] (-) TimerEvent: {}
[13.742632] (-) TimerEvent: {}
[13.842877] (-) TimerEvent: {}
[13.943121] (-) TimerEvent: {}
[14.043359] (-) TimerEvent: {}
[14.143612] (-) TimerEvent: {}
[14.243868] (-) TimerEvent: {}
[14.344119] (-) TimerEvent: {}
[14.444382] (-) TimerEvent: {}
[14.544646] (-) TimerEvent: {}
[14.644913] (-) TimerEvent: {}
[14.745169] (-) TimerEvent: {}
[14.845436] (-) TimerEvent: {}
[14.945687] (-) TimerEvent: {}
[15.045947] (-) TimerEvent: {}
[15.146184] (-) TimerEvent: {}
[15.246427] (-) TimerEvent: {}
[15.346692] (-) TimerEvent: {}
[15.446946] (-) TimerEvent: {}
[15.547189] (-) TimerEvent: {}
[15.647446] (-) TimerEvent: {}
[15.747722] (-) TimerEvent: {}
[15.847990] (-) TimerEvent: {}
[15.948237] (-) TimerEvent: {}
[16.048502] (-) TimerEvent: {}
[16.148744] (-) TimerEvent: {}
[16.248985] (-) TimerEvent: {}
[16.349241] (-) TimerEvent: {}
[16.449579] (-) TimerEvent: {}
[16.549877] (-) TimerEvent: {}
[16.650175] (-) TimerEvent: {}
[16.750482] (-) TimerEvent: {}
[16.850792] (-) TimerEvent: {}
[16.951091] (-) TimerEvent: {}
[17.051390] (-) TimerEvent: {}
[17.151735] (-) TimerEvent: {}
[17.252058] (-) TimerEvent: {}
[17.352375] (-) TimerEvent: {}
[17.452680] (-) TimerEvent: {}
[17.552975] (-) TimerEvent: {}
[17.653330] (-) TimerEvent: {}
[17.753745] (-) TimerEvent: {}
[17.854101] (-) TimerEvent: {}
[17.954455] (-) TimerEvent: {}
[18.054843] (-) TimerEvent: {}
[18.155199] (-) TimerEvent: {}
[18.255615] (-) TimerEvent: {}
[18.355955] (-) TimerEvent: {}
[18.456250] (-) TimerEvent: {}
[18.556611] (-) TimerEvent: {}
[18.656895] (-) TimerEvent: {}
[18.757120] (-) TimerEvent: {}
[18.857402] (-) TimerEvent: {}
[18.957742] (-) TimerEvent: {}
[19.058056] (-) TimerEvent: {}
[19.158389] (-) TimerEvent: {}
[19.258701] (-) TimerEvent: {}
[19.359029] (-) TimerEvent: {}
[19.459331] (-) TimerEvent: {}
[19.559691] (-) TimerEvent: {}
[19.660243] (-) TimerEvent: {}
[19.760631] (-) TimerEvent: {}
[19.860989] (-) TimerEvent: {}
[19.961287] (-) TimerEvent: {}
[20.061909] (-) TimerEvent: {}
[20.162600] (-) TimerEvent: {}
[20.263026] (-) TimerEvent: {}
[20.363628] (-) TimerEvent: {}
[20.464189] (-) TimerEvent: {}
[20.564581] (-) TimerEvent: {}
[20.664908] (-) TimerEvent: {}
[20.765239] (-) TimerEvent: {}
[20.865541] (-) TimerEvent: {}
[20.965820] (-) TimerEvent: {}
[21.066097] (-) TimerEvent: {}
[21.166377] (-) TimerEvent: {}
[21.266670] (-) TimerEvent: {}
[21.367229] (-) TimerEvent: {}
[21.467563] (-) TimerEvent: {}
[21.567870] (-) TimerEvent: {}
[21.668149] (-) TimerEvent: {}
[21.768428] (-) TimerEvent: {}
[21.868756] (-) TimerEvent: {}
[21.969104] (-) TimerEvent: {}
[22.069482] (-) TimerEvent: {}
[22.169909] (-) TimerEvent: {}
[22.270303] (-) TimerEvent: {}
[22.370656] (-) TimerEvent: {}
[22.470988] (-) TimerEvent: {}
[22.571347] (-) TimerEvent: {}
[22.671798] (-) TimerEvent: {}
[22.772102] (-) TimerEvent: {}
[22.872443] (-) TimerEvent: {}
[22.972865] (-) TimerEvent: {}
[23.073224] (-) TimerEvent: {}
[23.173554] (-) TimerEvent: {}
[23.273854] (-) TimerEvent: {}
[23.374188] (-) TimerEvent: {}
[23.474505] (-) TimerEvent: {}
[23.574809] (-) TimerEvent: {}
[23.675113] (-) TimerEvent: {}
[23.775410] (-) TimerEvent: {}
[23.875740] (-) TimerEvent: {}
[23.976044] (-) TimerEvent: {}
[24.076371] (-) TimerEvent: {}
[24.176750] (-) TimerEvent: {}
[24.277053] (-) TimerEvent: {}
[24.377347] (-) TimerEvent: {}
[24.478028] (-) TimerEvent: {}
[24.578412] (-) TimerEvent: {}
[24.678741] (-) TimerEvent: {}
[24.779046] (-) TimerEvent: {}
[24.879702] (-) TimerEvent: {}
[24.980116] (-) TimerEvent: {}
[25.080425] (-) TimerEvent: {}
[25.180827] (-) TimerEvent: {}
[25.281103] (-) TimerEvent: {}
[25.381412] (-) TimerEvent: {}
[25.481757] (-) TimerEvent: {}
[25.582092] (-) TimerEvent: {}
[25.682435] (-) TimerEvent: {}
[25.782867] (-) TimerEvent: {}
[25.883317] (-) TimerEvent: {}
[25.983667] (-) TimerEvent: {}
[26.084066] (-) TimerEvent: {}
[26.184387] (-) TimerEvent: {}
[26.284675] (-) TimerEvent: {}
[26.384944] (-) TimerEvent: {}
[26.485277] (-) TimerEvent: {}
[26.585600] (-) TimerEvent: {}
[26.685917] (-) TimerEvent: {}
[26.786233] (-) TimerEvent: {}
[26.886556] (-) TimerEvent: {}
[26.986979] (-) TimerEvent: {}
[27.087557] (-) TimerEvent: {}
[27.188068] (-) TimerEvent: {}
[27.288396] (-) TimerEvent: {}
[27.389161] (-) TimerEvent: {}
[27.489608] (-) TimerEvent: {}
[27.590227] (-) TimerEvent: {}
[27.690652] (-) TimerEvent: {}
[27.791225] (-) TimerEvent: {}
[27.891658] (-) TimerEvent: {}
[27.992012] (-) TimerEvent: {}
[28.092320] (-) TimerEvent: {}
[28.192661] (-) TimerEvent: {}
[28.292942] (-) TimerEvent: {}
[28.393199] (-) TimerEvent: {}
[28.493994] (-) TimerEvent: {}
[28.594785] (-) TimerEvent: {}
[28.695371] (-) TimerEvent: {}
[28.795803] (-) TimerEvent: {}
[28.896354] (-) TimerEvent: {}
[28.996866] (-) TimerEvent: {}
[29.097264] (-) TimerEvent: {}
[29.197697] (-) TimerEvent: {}
[29.298037] (-) TimerEvent: {}
[29.398633] (-) TimerEvent: {}
[29.499272] (-) TimerEvent: {}
[29.599720] (-) TimerEvent: {}
[29.700008] (-) TimerEvent: {}
[29.800327] (-) TimerEvent: {}
[29.900667] (-) TimerEvent: {}
[30.000978] (-) TimerEvent: {}
[30.101572] (-) TimerEvent: {}
[30.202177] (-) TimerEvent: {}
[30.302821] (-) TimerEvent: {}
[30.403628] (-) TimerEvent: {}
[30.504299] (-) TimerEvent: {}
[30.604544] (-) TimerEvent: {}
[30.705158] (-) TimerEvent: {}
[30.805634] (-) TimerEvent: {}
[30.906279] (-) TimerEvent: {}
[31.006717] (-) TimerEvent: {}
[31.107002] (-) TimerEvent: {}
[31.207261] (-) TimerEvent: {}
[31.307535] (-) TimerEvent: {}
[31.407914] (-) TimerEvent: {}
[31.508586] (-) TimerEvent: {}
[31.608980] (-) TimerEvent: {}
[31.709260] (-) TimerEvent: {}
[31.809718] (-) TimerEvent: {}
[31.910421] (-) TimerEvent: {}
[32.011245] (-) TimerEvent: {}
[32.112116] (-) TimerEvent: {}
[32.212980] (-) TimerEvent: {}
[32.313469] (-) TimerEvent: {}
[32.413878] (-) TimerEvent: {}
[32.514721] (-) TimerEvent: {}
[32.615109] (-) TimerEvent: {}
[32.715408] (-) TimerEvent: {}
[32.815836] (-) TimerEvent: {}
[32.916150] (-) TimerEvent: {}
[33.016468] (-) TimerEvent: {}
[33.116848] (-) TimerEvent: {}
[33.217133] (-) TimerEvent: {}
[33.317407] (-) TimerEvent: {}
[33.417669] (-) TimerEvent: {}
[33.517892] (-) TimerEvent: {}
[33.618128] (-) TimerEvent: {}
[33.718399] (-) TimerEvent: {}
[33.818696] (-) TimerEvent: {}
[33.919012] (-) TimerEvent: {}
[34.019334] (-) TimerEvent: {}
[34.119634] (-) TimerEvent: {}
[34.219928] (-) TimerEvent: {}
[34.320294] (-) TimerEvent: {}
[34.420573] (-) TimerEvent: {}
[34.521180] (-) TimerEvent: {}
[34.621705] (-) TimerEvent: {}
[34.722074] (-) TimerEvent: {}
[34.822445] (-) TimerEvent: {}
[34.922785] (-) TimerEvent: {}
[35.023099] (-) TimerEvent: {}
[35.123399] (-) TimerEvent: {}
[35.223872] (-) TimerEvent: {}
[35.324645] (-) TimerEvent: {}
[35.425529] (-) TimerEvent: {}
[35.526056] (-) TimerEvent: {}
[35.626502] (-) TimerEvent: {}
[35.726760] (-) TimerEvent: {}
[35.827050] (-) TimerEvent: {}
[35.927401] (-) TimerEvent: {}
[36.027718] (-) TimerEvent: {}
[36.128260] (-) TimerEvent: {}
[36.228656] (-) TimerEvent: {}
[36.328917] (-) TimerEvent: {}
[36.429233] (-) TimerEvent: {}
[36.529794] (-) TimerEvent: {}
[36.630108] (-) TimerEvent: {}
[36.730478] (-) TimerEvent: {}
[36.831156] (-) TimerEvent: {}
[36.931672] (-) TimerEvent: {}
[37.032009] (-) TimerEvent: {}
[37.132383] (-) TimerEvent: {}
[37.232749] (-) TimerEvent: {}
[37.333114] (-) TimerEvent: {}
[37.433613] (-) TimerEvent: {}
[37.534177] (-) TimerEvent: {}
[37.634889] (-) TimerEvent: {}
[37.735572] (-) TimerEvent: {}
[37.836333] (-) TimerEvent: {}
[37.937234] (-) TimerEvent: {}
[38.037725] (-) TimerEvent: {}
[38.138146] (-) TimerEvent: {}
[38.238457] (-) TimerEvent: {}
[38.339099] (-) TimerEvent: {}
[38.439620] (-) TimerEvent: {}
[38.540196] (-) TimerEvent: {}
[38.640644] (-) TimerEvent: {}
[38.740928] (-) TimerEvent: {}
[38.841190] (-) TimerEvent: {}
[38.941773] (-) TimerEvent: {}
[39.042612] (-) TimerEvent: {}
[39.143201] (-) TimerEvent: {}
[39.243788] (-) TimerEvent: {}
[39.344249] (-) TimerEvent: {}
[39.444518] (-) TimerEvent: {}
[39.544775] (-) TimerEvent: {}
[39.645288] (-) TimerEvent: {}
[39.746042] (-) TimerEvent: {}
[39.846831] (-) TimerEvent: {}
[39.947835] (-) TimerEvent: {}
[40.048344] (-) TimerEvent: {}
[40.148694] (-) TimerEvent: {}
[40.249024] (-) TimerEvent: {}
[40.349336] (-) TimerEvent: {}
[40.449643] (-) TimerEvent: {}
[40.550173] (-) TimerEvent: {}
[40.650458] (-) TimerEvent: {}
[40.750753] (-) TimerEvent: {}
[40.851083] (-) TimerEvent: {}
[40.951460] (-) TimerEvent: {}
[41.051769] (-) TimerEvent: {}
[41.152061] (-) TimerEvent: {}
[41.252381] (-) TimerEvent: {}
[41.352701] (-) TimerEvent: {}
[41.453091] (-) TimerEvent: {}
[41.553426] (-) TimerEvent: {}
[41.653760] (-) TimerEvent: {}
[41.754043] (-) TimerEvent: {}
[41.854323] (-) TimerEvent: {}
[41.954547] (-) TimerEvent: {}
[42.054820] (-) TimerEvent: {}
[42.155081] (-) TimerEvent: {}
[42.255370] (-) TimerEvent: {}
[42.355685] (-) TimerEvent: {}
[42.455977] (-) TimerEvent: {}
[42.556357] (-) TimerEvent: {}
[42.656881] (-) TimerEvent: {}
[42.757170] (-) TimerEvent: {}
[42.857465] (-) TimerEvent: {}
[42.957805] (-) TimerEvent: {}
[43.058045] (-) TimerEvent: {}
[43.158324] (-) TimerEvent: {}
[43.180847] (micro_ros_agent) StderrLine: {'line': b'HEAD is now at eb322062 Bump version to 1.9.2\n'}
[43.235152] (micro_ros_agent) StdoutLine: {'line': b"[ 18%] \x1b[34m\x1b[1mPerforming update step for 'spdlog'\x1b[0m\n"}
[43.258417] (-) TimerEvent: {}
[43.261941] (micro_ros_agent) StdoutLine: {'line': b"[ 25%] \x1b[34m\x1b[1mNo patch step for 'spdlog'\x1b[0m\n"}
[43.290189] (micro_ros_agent) StdoutLine: {'line': b"[ 31%] \x1b[34m\x1b[1mPerforming configure step for 'spdlog'\x1b[0m\n"}
[43.299833] (micro_ros_agent) StdoutLine: {'line': b'loading initial cache file /home/adrian/Desktop/ROS2_playground/SCARA_robot/software/ros_scara_ws/build/micro_ros_agent/agent/src/xrceagent-build/spdlog/tmp/spdlog-cache-.cmake\n'}
[43.353623] (micro_ros_agent) StdoutLine: {'line': b'-- The CXX compiler identification is GNU 13.3.0\n'}
[43.358501] (-) TimerEvent: {}
[43.370598] (micro_ros_agent) StdoutLine: {'line': b'-- Detecting CXX compiler ABI info\n'}
[43.458595] (-) TimerEvent: {}
[43.473346] (micro_ros_agent) StdoutLine: {'line': b'-- Detecting CXX compiler ABI info - done\n'}
[43.481626] (micro_ros_agent) StdoutLine: {'line': b'-- Check for working CXX compiler: /usr/bin/c++ - skipped\n'}
[43.481910] (micro_ros_agent) StdoutLine: {'line': b'-- Detecting CXX compile features\n'}
[43.482343] (micro_ros_agent) StdoutLine: {'line': b'-- Detecting CXX compile features - done\n'}
[43.483117] (micro_ros_agent) StdoutLine: {'line': b'-- Build spdlog: 1.9.2\n'}
[43.486171] (micro_ros_agent) StdoutLine: {'line': b'-- Performing Test CMAKE_HAVE_LIBC_PTHREAD\n'}
[43.558706] (-) TimerEvent: {}
[43.588566] (micro_ros_agent) StdoutLine: {'line': b'-- Performing Test CMAKE_HAVE_LIBC_PTHREAD - Success\n'}
[43.589254] (micro_ros_agent) StdoutLine: {'line': b'-- Found Threads: TRUE  \n'}
[43.589420] (micro_ros_agent) StdoutLine: {'line': b'-- Build type: Release\n'}
[43.589882] (micro_ros_agent) StdoutLine: {'line': b'-- Generating example(s)\n'}
[43.590422] (micro_ros_agent) StdoutLine: {'line': b'-- Generating install\n'}
[43.598798] (micro_ros_agent) StdoutLine: {'line': b'-- Configuring done (0.3s)\n'}
[43.605524] (micro_ros_agent) StdoutLine: {'line': b'-- Generating done (0.0s)\n'}
[43.606389] (micro_ros_agent) StdoutLine: {'line': b'-- Build files have been written to: /home/adrian/Desktop/ROS2_playground/SCARA_robot/software/ros_scara_ws/build/micro_ros_agent/agent/src/xrceagent-build/spdlog/src/spdlog-build\n'}
[43.629406] (micro_ros_agent) StdoutLine: {'line': b"[ 37%] \x1b[34m\x1b[1mPerforming build step for 'spdlog'\x1b[0m\n"}
[43.658807] (-) TimerEvent: {}
[43.676895] (micro_ros_agent) StdoutLine: {'line': b'[ 20%] \x1b[32mBuilding CXX object CMakeFiles/spdlog.dir/src/stdout_sinks.cpp.o\x1b[0m\n'}
[43.677316] (micro_ros_agent) StdoutLine: {'line': b'[ 20%] \x1b[32mBuilding CXX object CMakeFiles/spdlog.dir/src/async.cpp.o\x1b[0m\n'}
[43.677431] (micro_ros_agent) StdoutLine: {'line': b'[ 30%] \x1b[32mBuilding CXX object CMakeFiles/spdlog.dir/src/file_sinks.cpp.o\x1b[0m\n'}
[43.677552] (micro_ros_agent) StdoutLine: {'line': b'[ 40%] \x1b[32mBuilding CXX object CMakeFiles/spdlog.dir/src/color_sinks.cpp.o\x1b[0m\n'}
[43.677659] (micro_ros_agent) StdoutLine: {'line': b'[ 50%] \x1b[32mBuilding CXX object CMakeFiles/spdlog.dir/src/spdlog.cpp.o\x1b[0m\n'}
[43.677758] (micro_ros_agent) StdoutLine: {'line': b'[ 60%] \x1b[32mBuilding CXX object CMakeFiles/spdlog.dir/src/cfg.cpp.o\x1b[0m\n'}
[43.678507] (micro_ros_agent) StdoutLine: {'line': b'[ 70%] \x1b[32mBuilding CXX object CMakeFiles/spdlog.dir/src/fmt.cpp.o\x1b[0m\n'}
[43.759593] (-) TimerEvent: {}
[43.859963] (-) TimerEvent: {}
[43.960340] (-) TimerEvent: {}
[44.061569] (-) TimerEvent: {}
[44.161955] (-) TimerEvent: {}
[44.263610] (-) TimerEvent: {}
[44.364439] (-) TimerEvent: {}
[44.465194] (-) TimerEvent: {}
[44.566217] (-) TimerEvent: {}
[44.666641] (-) TimerEvent: {}
[44.766983] (-) TimerEvent: {}
[44.867292] (-) TimerEvent: {}
[44.967632] (-) TimerEvent: {}
[45.067972] (-) TimerEvent: {}
[45.168235] (-) TimerEvent: {}
[45.268516] (-) TimerEvent: {}
[45.368817] (-) TimerEvent: {}
[45.469100] (-) TimerEvent: {}
[45.569368] (-) TimerEvent: {}
[45.669665] (-) TimerEvent: {}
[45.769925] (-) TimerEvent: {}
[45.870198] (-) TimerEvent: {}
[45.970470] (-) TimerEvent: {}
[46.070765] (-) TimerEvent: {}
[46.171027] (-) TimerEvent: {}
[46.271319] (-) TimerEvent: {}
[46.371542] (-) TimerEvent: {}
[46.471809] (-) TimerEvent: {}
[46.572067] (-) TimerEvent: {}
[46.672341] (-) TimerEvent: {}
[46.772654] (-) TimerEvent: {}
[46.872958] (-) TimerEvent: {}
[46.973225] (-) TimerEvent: {}
[47.073726] (-) TimerEvent: {}
[47.174002] (-) TimerEvent: {}
[47.274275] (-) TimerEvent: {}
[47.374555] (-) TimerEvent: {}
[47.475040] (-) TimerEvent: {}
[47.575541] (-) TimerEvent: {}
[47.675821] (-) TimerEvent: {}
[47.776420] (-) TimerEvent: {}
[47.876951] (-) TimerEvent: {}
[47.977223] (-) TimerEvent: {}
[48.077725] (-) TimerEvent: {}
[48.177995] (-) TimerEvent: {}
[48.278245] (-) TimerEvent: {}
[48.378485] (-) TimerEvent: {}
[48.478727] (-) TimerEvent: {}
[48.578974] (-) TimerEvent: {}
[48.679212] (-) TimerEvent: {}
[48.779448] (-) TimerEvent: {}
[48.879710] (-) TimerEvent: {}
[48.979968] (-) TimerEvent: {}
[49.080237] (-) TimerEvent: {}
[49.180531] (-) TimerEvent: {}
[49.280801] (-) TimerEvent: {}
[49.381101] (-) TimerEvent: {}
[49.481441] (-) TimerEvent: {}
[49.581992] (-) TimerEvent: {}
[49.682260] (-) TimerEvent: {}
[49.782559] (-) TimerEvent: {}
[49.879546] (micro_ros_agent) StdoutLine: {'line': b'[ 80%] \x1b[32m\x1b[1mLinking CXX static library libspdlog.a\x1b[0m\n'}
[49.882621] (-) TimerEvent: {}
[49.972865] (micro_ros_agent) StdoutLine: {'line': b'[ 80%] Built target spdlog\n'}
[49.982751] (-) TimerEvent: {}
[49.999705] (micro_ros_agent) StdoutLine: {'line': b'[ 90%] \x1b[32mBuilding CXX object example/CMakeFiles/example.dir/example.cpp.o\x1b[0m\n'}
[50.082846] (-) TimerEvent: {}
[50.183110] (-) TimerEvent: {}
[50.283395] (-) TimerEvent: {}
[50.383704] (-) TimerEvent: {}
[50.484000] (-) TimerEvent: {}
[50.584270] (-) TimerEvent: {}
[50.684536] (-) TimerEvent: {}
[50.784827] (-) TimerEvent: {}
[50.885169] (-) TimerEvent: {}
[50.985474] (-) TimerEvent: {}
[51.085890] (-) TimerEvent: {}
[51.186156] (-) TimerEvent: {}
[51.286399] (-) TimerEvent: {}
[51.386904] (-) TimerEvent: {}
[51.487186] (-) TimerEvent: {}
[51.587467] (-) TimerEvent: {}
[51.687755] (-) TimerEvent: {}
[51.788031] (-) TimerEvent: {}
[51.888325] (-) TimerEvent: {}
[51.988708] (-) TimerEvent: {}
[52.089051] (-) TimerEvent: {}
[52.189300] (-) TimerEvent: {}
[52.289541] (-) TimerEvent: {}
[52.389892] (-) TimerEvent: {}
[52.490151] (-) TimerEvent: {}
[52.590751] (-) TimerEvent: {}
[52.691022] (-) TimerEvent: {}
[52.791290] (-) TimerEvent: {}
[52.891545] (-) TimerEvent: {}
[52.991801] (-) TimerEvent: {}
[53.092049] (-) TimerEvent: {}
[53.192309] (-) TimerEvent: {}
[53.292580] (-) TimerEvent: {}
[53.392864] (-) TimerEvent: {}
[53.477435] (micro_ros_agent) StdoutLine: {'line': b'[100%] \x1b[32m\x1b[1mLinking CXX executable example\x1b[0m\n'}
[53.492967] (-) TimerEvent: {}
[53.567985] (micro_ros_agent) StdoutLine: {'line': b'[100%] Built target example\n'}
[53.593066] (-) TimerEvent: {}
[53.597057] (micro_ros_agent) StdoutLine: {'line': b"[ 43%] \x1b[34m\x1b[1mPerforming install step for 'spdlog'\x1b[0m\n"}
[53.657072] (micro_ros_agent) StdoutLine: {'line': b'[ 80%] Built target spdlog\n'}
[53.684626] (micro_ros_agent) StdoutLine: {'line': b'[100%] Built target example\n'}
[53.693163] (-) TimerEvent: {}
[53.706221] (micro_ros_agent) StdoutLine: {'line': b'\x1b[36mInstall the project...\x1b[0m\n'}
[53.716855] (micro_ros_agent) StdoutLine: {'line': b'-- Install configuration: "Release"\n'}
[53.717257] (micro_ros_agent) StdoutLine: {'line': b'-- Installing: /home/adrian/Desktop/ROS2_playground/SCARA_robot/software/ros_scara_ws/build/micro_ros_agent/agent/src/xrceagent-build/temp_install/spdlog-1.9.2/include\n'}
[53.717372] (micro_ros_agent) StdoutLine: {'line': b'-- Installing: /home/adrian/Desktop/ROS2_playground/SCARA_robot/software/ros_scara_ws/build/micro_ros_agent/agent/src/xrceagent-build/temp_install/spdlog-1.9.2/include/spdlog\n'}
[53.717516] (micro_ros_agent) StdoutLine: {'line': b'-- Installing: /home/adrian/Desktop/ROS2_playground/SCARA_robot/software/ros_scara_ws/build/micro_ros_agent/agent/src/xrceagent-build/temp_install/spdlog-1.9.2/include/spdlog/pattern_formatter.h\n'}
[53.717641] (micro_ros_agent) StdoutLine: {'line': b'-- Installing: /home/adrian/Desktop/ROS2_playground/SCARA_robot/software/ros_scara_ws/build/micro_ros_agent/agent/src/xrceagent-build/temp_install/spdlog-1.9.2/include/spdlog/sinks\n'}
[53.717741] (micro_ros_agent) StdoutLine: {'line': b'-- Installing: /home/adrian/Desktop/ROS2_playground/SCARA_robot/software/ros_scara_ws/build/micro_ros_agent/agent/src/xrceagent-build/temp_install/spdlog-1.9.2/include/spdlog/sinks/ansicolor_sink.h\n'}
[53.717821] (micro_ros_agent) StdoutLine: {'line': b'-- Installing: /home/adrian/Desktop/ROS2_playground/SCARA_robot/software/ros_scara_ws/build/micro_ros_agent/agent/src/xrceagent-build/temp_install/spdlog-1.9.2/include/spdlog/sinks/tcp_sink.h\n'}
[53.717907] (micro_ros_agent) StdoutLine: {'line': b'-- Installing: /home/adrian/Desktop/ROS2_playground/SCARA_robot/software/ros_scara_ws/build/micro_ros_agent/agent/src/xrceagent-build/temp_install/spdlog-1.9.2/include/spdlog/sinks/ringbuffer_sink.h\n'}
[53.718018] (micro_ros_agent) StdoutLine: {'line': b'-- Installing: /home/adrian/Desktop/ROS2_playground/SCARA_robot/software/ros_scara_ws/build/micro_ros_agent/agent/src/xrceagent-build/temp_install/spdlog-1.9.2/include/spdlog/sinks/null_sink.h\n'}
[53.718135] (micro_ros_agent) StdoutLine: {'line': b'-- Installing: /home/adrian/Desktop/ROS2_playground/SCARA_robot/software/ros_scara_ws/build/micro_ros_agent/agent/src/xrceagent-build/temp_install/spdlog-1.9.2/include/spdlog/sinks/basic_file_sink.h\n'}
[53.718232] (micro_ros_agent) StdoutLine: {'line': b'-- Installing: /home/adrian/Desktop/ROS2_playground/SCARA_robot/software/ros_scara_ws/build/micro_ros_agent/agent/src/xrceagent-build/temp_install/spdlog-1.9.2/include/spdlog/sinks/stdout_sinks-inl.h\n'}
[53.718359] (micro_ros_agent) StdoutLine: {'line': b'-- Installing: /home/adrian/Desktop/ROS2_playground/SCARA_robot/software/ros_scara_ws/build/micro_ros_agent/agent/src/xrceagent-build/temp_install/spdlog-1.9.2/include/spdlog/sinks/dup_filter_sink.h\n'}
[53.718504] (micro_ros_agent) StdoutLine: {'line': b'-- Installing: /home/adrian/Desktop/ROS2_playground/SCARA_robot/software/ros_scara_ws/build/micro_ros_agent/agent/src/xrceagent-build/temp_install/spdlog-1.9.2/include/spdlog/sinks/sink.h\n'}
[53.718638] (micro_ros_agent) StdoutLine: {'line': b'-- Installing: /home/adrian/Desktop/ROS2_playground/SCARA_robot/software/ros_scara_ws/build/micro_ros_agent/agent/src/xrceagent-build/temp_install/spdlog-1.9.2/include/spdlog/sinks/base_sink-inl.h\n'}
[53.718763] (micro_ros_agent) StdoutLine: {'line': b'-- Installing: /home/adrian/Desktop/ROS2_playground/SCARA_robot/software/ros_scara_ws/build/micro_ros_agent/agent/src/xrceagent-build/temp_install/spdlog-1.9.2/include/spdlog/sinks/stdout_color_sinks-inl.h\n'}
[53.718890] (micro_ros_agent) StdoutLine: {'line': b'-- Installing: /home/adrian/Desktop/ROS2_playground/SCARA_robot/software/ros_scara_ws/build/micro_ros_agent/agent/src/xrceagent-build/temp_install/spdlog-1.9.2/include/spdlog/sinks/base_sink.h\n'}
[53.719017] (micro_ros_agent) StdoutLine: {'line': b'-- Installing: /home/adrian/Desktop/ROS2_playground/SCARA_robot/software/ros_scara_ws/build/micro_ros_agent/agent/src/xrceagent-build/temp_install/spdlog-1.9.2/include/spdlog/sinks/msvc_sink.h\n'}
[53.719146] (micro_ros_agent) StdoutLine: {'line': b'-- Installing: /home/adrian/Desktop/ROS2_playground/SCARA_robot/software/ros_scara_ws/build/micro_ros_agent/agent/src/xrceagent-build/temp_install/spdlog-1.9.2/include/spdlog/sinks/mongo_sink.h\n'}
[53.719272] (micro_ros_agent) StdoutLine: {'line': b'-- Installing: /home/adrian/Desktop/ROS2_playground/SCARA_robot/software/ros_scara_ws/build/micro_ros_agent/agent/src/xrceagent-build/temp_install/spdlog-1.9.2/include/spdlog/sinks/stdout_sinks.h\n'}
[53.719399] (micro_ros_agent) StdoutLine: {'line': b'-- Installing: /home/adrian/Desktop/ROS2_playground/SCARA_robot/software/ros_scara_ws/build/micro_ros_agent/agent/src/xrceagent-build/temp_install/spdlog-1.9.2/include/spdlog/sinks/dist_sink.h\n'}
[53.719555] (micro_ros_agent) StdoutLine: {'line': b'-- Installing: /home/adrian/Desktop/ROS2_playground/SCARA_robot/software/ros_scara_ws/build/micro_ros_agent/agent/src/xrceagent-build/temp_install/spdlog-1.9.2/include/spdlog/sinks/rotating_file_sink-inl.h\n'}
[53.719684] (micro_ros_agent) StdoutLine: {'line': b'-- Installing: /home/adrian/Desktop/ROS2_playground/SCARA_robot/software/ros_scara_ws/build/micro_ros_agent/agent/src/xrceagent-build/temp_install/spdlog-1.9.2/include/spdlog/sinks/daily_file_sink.h\n'}
[53.719833] (micro_ros_agent) StdoutLine: {'line': b'-- Installing: /home/adrian/Desktop/ROS2_playground/SCARA_robot/software/ros_scara_ws/build/micro_ros_agent/agent/src/xrceagent-build/temp_install/spdlog-1.9.2/include/spdlog/sinks/wincolor_sink-inl.h\n'}
[53.719966] (micro_ros_agent) StdoutLine: {'line': b'-- Installing: /home/adrian/Desktop/ROS2_playground/SCARA_robot/software/ros_scara_ws/build/micro_ros_agent/agent/src/xrceagent-build/temp_install/spdlog-1.9.2/include/spdlog/sinks/rotating_file_sink.h\n'}
[53.720098] (micro_ros_agent) StdoutLine: {'line': b'-- Installing: /home/adrian/Desktop/ROS2_playground/SCARA_robot/software/ros_scara_ws/build/micro_ros_agent/agent/src/xrceagent-build/temp_install/spdlog-1.9.2/include/spdlog/sinks/android_sink.h\n'}
[53.720234] (micro_ros_agent) StdoutLine: {'line': b'-- Installing: /home/adrian/Desktop/ROS2_playground/SCARA_robot/software/ros_scara_ws/build/micro_ros_agent/agent/src/xrceagent-build/temp_install/spdlog-1.9.2/include/spdlog/sinks/stdout_color_sinks.h\n'}
[53.720349] (micro_ros_agent) StdoutLine: {'line': b'-- Installing: /home/adrian/Desktop/ROS2_playground/SCARA_robot/software/ros_scara_ws/build/micro_ros_agent/agent/src/xrceagent-build/temp_install/spdlog-1.9.2/include/spdlog/sinks/basic_file_sink-inl.h\n'}
[53.720480] (micro_ros_agent) StdoutLine: {'line': b'-- Installing: /home/adrian/Desktop/ROS2_playground/SCARA_robot/software/ros_scara_ws/build/micro_ros_agent/agent/src/xrceagent-build/temp_install/spdlog-1.9.2/include/spdlog/sinks/ansicolor_sink-inl.h\n'}
[53.720634] (micro_ros_agent) StdoutLine: {'line': b'-- Installing: /home/adrian/Desktop/ROS2_playground/SCARA_robot/software/ros_scara_ws/build/micro_ros_agent/agent/src/xrceagent-build/temp_install/spdlog-1.9.2/include/spdlog/sinks/systemd_sink.h\n'}
[53.720776] (micro_ros_agent) StdoutLine: {'line': b'-- Installing: /home/adrian/Desktop/ROS2_playground/SCARA_robot/software/ros_scara_ws/build/micro_ros_agent/agent/src/xrceagent-build/temp_install/spdlog-1.9.2/include/spdlog/sinks/qt_sinks.h\n'}
[53.720894] (micro_ros_agent) StdoutLine: {'line': b'-- Installing: /home/adrian/Desktop/ROS2_playground/SCARA_robot/software/ros_scara_ws/build/micro_ros_agent/agent/src/xrceagent-build/temp_install/spdlog-1.9.2/include/spdlog/sinks/ostream_sink.h\n'}
[53.721008] (micro_ros_agent) StdoutLine: {'line': b'-- Installing: /home/adrian/Desktop/ROS2_playground/SCARA_robot/software/ros_scara_ws/build/micro_ros_agent/agent/src/xrceagent-build/temp_install/spdlog-1.9.2/include/spdlog/sinks/sink-inl.h\n'}
[53.721147] (micro_ros_agent) StdoutLine: {'line': b'-- Installing: /home/adrian/Desktop/ROS2_playground/SCARA_robot/software/ros_scara_ws/build/micro_ros_agent/agent/src/xrceagent-build/temp_install/spdlog-1.9.2/include/spdlog/sinks/hourly_file_sink.h\n'}
[53.721273] (micro_ros_agent) StdoutLine: {'line': b'-- Installing: /home/adrian/Desktop/ROS2_playground/SCARA_robot/software/ros_scara_ws/build/micro_ros_agent/agent/src/xrceagent-build/temp_install/spdlog-1.9.2/include/spdlog/sinks/syslog_sink.h\n'}
[53.721409] (micro_ros_agent) StdoutLine: {'line': b'-- Installing: /home/adrian/Desktop/ROS2_playground/SCARA_robot/software/ros_scara_ws/build/micro_ros_agent/agent/src/xrceagent-build/temp_install/spdlog-1.9.2/include/spdlog/sinks/win_eventlog_sink.h\n'}
[53.721559] (micro_ros_agent) StdoutLine: {'line': b'-- Installing: /home/adrian/Desktop/ROS2_playground/SCARA_robot/software/ros_scara_ws/build/micro_ros_agent/agent/src/xrceagent-build/temp_install/spdlog-1.9.2/include/spdlog/sinks/wincolor_sink.h\n'}
[53.721694] (micro_ros_agent) StdoutLine: {'line': b'-- Installing: /home/adrian/Desktop/ROS2_playground/SCARA_robot/software/ros_scara_ws/build/micro_ros_agent/agent/src/xrceagent-build/temp_install/spdlog-1.9.2/include/spdlog/common-inl.h\n'}
[53.721832] (micro_ros_agent) StdoutLine: {'line': b'-- Installing: /home/adrian/Desktop/ROS2_playground/SCARA_robot/software/ros_scara_ws/build/micro_ros_agent/agent/src/xrceagent-build/temp_install/spdlog-1.9.2/include/spdlog/spdlog.h\n'}
[53.721967] (micro_ros_agent) StdoutLine: {'line': b'-- Installing: /home/adrian/Desktop/ROS2_playground/SCARA_robot/software/ros_scara_ws/build/micro_ros_agent/agent/src/xrceagent-build/temp_install/spdlog-1.9.2/include/spdlog/async.h\n'}
[53.722094] (micro_ros_agent) StdoutLine: {'line': b'-- Installing: /home/adrian/Desktop/ROS2_playground/SCARA_robot/software/ros_scara_ws/build/micro_ros_agent/agent/src/xrceagent-build/temp_install/spdlog-1.9.2/include/spdlog/async_logger-inl.h\n'}
[53.722222] (micro_ros_agent) StdoutLine: {'line': b'-- Installing: /home/adrian/Desktop/ROS2_playground/SCARA_robot/software/ros_scara_ws/build/micro_ros_agent/agent/src/xrceagent-build/temp_install/spdlog-1.9.2/include/spdlog/common.h\n'}
[53.722355] (micro_ros_agent) StdoutLine: {'line': b'-- Installing: /home/adrian/Desktop/ROS2_playground/SCARA_robot/software/ros_scara_ws/build/micro_ros_agent/agent/src/xrceagent-build/temp_install/spdlog-1.9.2/include/spdlog/fwd.h\n'}
[53.722495] (micro_ros_agent) StdoutLine: {'line': b'-- Installing: /home/adrian/Desktop/ROS2_playground/SCARA_robot/software/ros_scara_ws/build/micro_ros_agent/agent/src/xrceagent-build/temp_install/spdlog-1.9.2/include/spdlog/tweakme.h\n'}
[53.722654] (micro_ros_agent) StdoutLine: {'line': b'-- Installing: /home/adrian/Desktop/ROS2_playground/SCARA_robot/software/ros_scara_ws/build/micro_ros_agent/agent/src/xrceagent-build/temp_install/spdlog-1.9.2/include/spdlog/version.h\n'}
[53.722831] (micro_ros_agent) StdoutLine: {'line': b'-- Installing: /home/adrian/Desktop/ROS2_playground/SCARA_robot/software/ros_scara_ws/build/micro_ros_agent/agent/src/xrceagent-build/temp_install/spdlog-1.9.2/include/spdlog/stopwatch.h\n'}
[53.722959] (micro_ros_agent) StdoutLine: {'line': b'-- Installing: /home/adrian/Desktop/ROS2_playground/SCARA_robot/software/ros_scara_ws/build/micro_ros_agent/agent/src/xrceagent-build/temp_install/spdlog-1.9.2/include/spdlog/pattern_formatter-inl.h\n'}
[53.723661] (micro_ros_agent) StdoutLine: {'line': b'-- Installing: /home/adrian/Desktop/ROS2_playground/SCARA_robot/software/ros_scara_ws/build/micro_ros_agent/agent/src/xrceagent-build/temp_install/spdlog-1.9.2/include/spdlog/logger-inl.h\n'}
[53.723807] (micro_ros_agent) StdoutLine: {'line': b'-- Installing: /home/adrian/Desktop/ROS2_playground/SCARA_robot/software/ros_scara_ws/build/micro_ros_agent/agent/src/xrceagent-build/temp_install/spdlog-1.9.2/include/spdlog/details\n'}
[53.723896] (micro_ros_agent) StdoutLine: {'line': b'-- Installing: /home/adrian/Desktop/ROS2_playground/SCARA_robot/software/ros_scara_ws/build/micro_ros_agent/agent/src/xrceagent-build/temp_install/spdlog-1.9.2/include/spdlog/details/fmt_helper.h\n'}
[53.723967] (micro_ros_agent) StdoutLine: {'line': b'-- Installing: /home/adrian/Desktop/ROS2_playground/SCARA_robot/software/ros_scara_ws/build/micro_ros_agent/agent/src/xrceagent-build/temp_install/spdlog-1.9.2/include/spdlog/details/os-inl.h\n'}
[53.724142] (micro_ros_agent) StdoutLine: {'line': b'-- Installing: /home/adrian/Desktop/ROS2_playground/SCARA_robot/software/ros_scara_ws/build/micro_ros_agent/agent/src/xrceagent-build/temp_install/spdlog-1.9.2/include/spdlog/details/registry-inl.h\n'}
[53.724296] (micro_ros_agent) StdoutLine: {'line': b'-- Installing: /home/adrian/Desktop/ROS2_playground/SCARA_robot/software/ros_scara_ws/build/micro_ros_agent/agent/src/xrceagent-build/temp_install/spdlog-1.9.2/include/spdlog/details/os.h\n'}
[53.724463] (micro_ros_agent) StdoutLine: {'line': b'-- Installing: /home/adrian/Desktop/ROS2_playground/SCARA_robot/software/ros_scara_ws/build/micro_ros_agent/agent/src/xrceagent-build/temp_install/spdlog-1.9.2/include/spdlog/details/periodic_worker.h\n'}
[53.724586] (micro_ros_agent) StdoutLine: {'line': b'-- Installing: /home/adrian/Desktop/ROS2_playground/SCARA_robot/software/ros_scara_ws/build/micro_ros_agent/agent/src/xrceagent-build/temp_install/spdlog-1.9.2/include/spdlog/details/windows_include.h\n'}
[53.724666] (micro_ros_agent) StdoutLine: {'line': b'-- Installing: /home/adrian/Desktop/ROS2_playground/SCARA_robot/software/ros_scara_ws/build/micro_ros_agent/agent/src/xrceagent-build/temp_install/spdlog-1.9.2/include/spdlog/details/periodic_worker-inl.h\n'}
[53.724740] (micro_ros_agent) StdoutLine: {'line': b'-- Installing: /home/adrian/Desktop/ROS2_playground/SCARA_robot/software/ros_scara_ws/build/micro_ros_agent/agent/src/xrceagent-build/temp_install/spdlog-1.9.2/include/spdlog/details/backtracer-inl.h\n'}
[53.724810] (micro_ros_agent) StdoutLine: {'line': b'-- Installing: /home/adrian/Desktop/ROS2_playground/SCARA_robot/software/ros_scara_ws/build/micro_ros_agent/agent/src/xrceagent-build/temp_install/spdlog-1.9.2/include/spdlog/details/registry.h\n'}
[53.724917] (micro_ros_agent) StdoutLine: {'line': b'-- Installing: /home/adrian/Desktop/ROS2_playground/SCARA_robot/software/ros_scara_ws/build/micro_ros_agent/agent/src/xrceagent-build/temp_install/spdlog-1.9.2/include/spdlog/details/file_helper.h\n'}
[53.724988] (micro_ros_agent) StdoutLine: {'line': b'-- Installing: /home/adrian/Desktop/ROS2_playground/SCARA_robot/software/ros_scara_ws/build/micro_ros_agent/agent/src/xrceagent-build/temp_install/spdlog-1.9.2/include/spdlog/details/file_helper-inl.h\n'}
[53.725087] (micro_ros_agent) StdoutLine: {'line': b'-- Installing: /home/adrian/Desktop/ROS2_playground/SCARA_robot/software/ros_scara_ws/build/micro_ros_agent/agent/src/xrceagent-build/temp_install/spdlog-1.9.2/include/spdlog/details/tcp_client.h\n'}
[53.725192] (micro_ros_agent) StdoutLine: {'line': b'-- Installing: /home/adrian/Desktop/ROS2_playground/SCARA_robot/software/ros_scara_ws/build/micro_ros_agent/agent/src/xrceagent-build/temp_install/spdlog-1.9.2/include/spdlog/details/backtracer.h\n'}
[53.725376] (micro_ros_agent) StdoutLine: {'line': b'-- Installing: /home/adrian/Desktop/ROS2_playground/SCARA_robot/software/ros_scara_ws/build/micro_ros_agent/agent/src/xrceagent-build/temp_install/spdlog-1.9.2/include/spdlog/details/log_msg_buffer-inl.h\n'}
[53.725498] (micro_ros_agent) StdoutLine: {'line': b'-- Installing: /home/adrian/Desktop/ROS2_playground/SCARA_robot/software/ros_scara_ws/build/micro_ros_agent/agent/src/xrceagent-build/temp_install/spdlog-1.9.2/include/spdlog/details/console_globals.h\n'}
[53.725603] (micro_ros_agent) StdoutLine: {'line': b'-- Installing: /home/adrian/Desktop/ROS2_playground/SCARA_robot/software/ros_scara_ws/build/micro_ros_agent/agent/src/xrceagent-build/temp_install/spdlog-1.9.2/include/spdlog/details/synchronous_factory.h\n'}
[53.725712] (micro_ros_agent) StdoutLine: {'line': b'-- Installing: /home/adrian/Desktop/ROS2_playground/SCARA_robot/software/ros_scara_ws/build/micro_ros_agent/agent/src/xrceagent-build/temp_install/spdlog-1.9.2/include/spdlog/details/tcp_client-windows.h\n'}
[53.725827] (micro_ros_agent) StdoutLine: {'line': b'-- Installing: /home/adrian/Desktop/ROS2_playground/SCARA_robot/software/ros_scara_ws/build/micro_ros_agent/agent/src/xrceagent-build/temp_install/spdlog-1.9.2/include/spdlog/details/log_msg-inl.h\n'}
[53.725962] (micro_ros_agent) StdoutLine: {'line': b'-- Installing: /home/adrian/Desktop/ROS2_playground/SCARA_robot/software/ros_scara_ws/build/micro_ros_agent/agent/src/xrceagent-build/temp_install/spdlog-1.9.2/include/spdlog/details/log_msg_buffer.h\n'}
[53.726102] (micro_ros_agent) StdoutLine: {'line': b'-- Installing: /home/adrian/Desktop/ROS2_playground/SCARA_robot/software/ros_scara_ws/build/micro_ros_agent/agent/src/xrceagent-build/temp_install/spdlog-1.9.2/include/spdlog/details/circular_q.h\n'}
[53.726240] (micro_ros_agent) StdoutLine: {'line': b'-- Installing: /home/adrian/Desktop/ROS2_playground/SCARA_robot/software/ros_scara_ws/build/micro_ros_agent/agent/src/xrceagent-build/temp_install/spdlog-1.9.2/include/spdlog/details/null_mutex.h\n'}
[53.726388] (micro_ros_agent) StdoutLine: {'line': b'-- Installing: /home/adrian/Desktop/ROS2_playground/SCARA_robot/software/ros_scara_ws/build/micro_ros_agent/agent/src/xrceagent-build/temp_install/spdlog-1.9.2/include/spdlog/details/log_msg.h\n'}
[53.726542] (micro_ros_agent) StdoutLine: {'line': b'-- Installing: /home/adrian/Desktop/ROS2_playground/SCARA_robot/software/ros_scara_ws/build/micro_ros_agent/agent/src/xrceagent-build/temp_install/spdlog-1.9.2/include/spdlog/details/thread_pool-inl.h\n'}
[53.726688] (micro_ros_agent) StdoutLine: {'line': b'-- Installing: /home/adrian/Desktop/ROS2_playground/SCARA_robot/software/ros_scara_ws/build/micro_ros_agent/agent/src/xrceagent-build/temp_install/spdlog-1.9.2/include/spdlog/details/mpmc_blocking_q.h\n'}
[53.726829] (micro_ros_agent) StdoutLine: {'line': b'-- Installing: /home/adrian/Desktop/ROS2_playground/SCARA_robot/software/ros_scara_ws/build/micro_ros_agent/agent/src/xrceagent-build/temp_install/spdlog-1.9.2/include/spdlog/details/thread_pool.h\n'}
[53.726963] (micro_ros_agent) StdoutLine: {'line': b'-- Installing: /home/adrian/Desktop/ROS2_playground/SCARA_robot/software/ros_scara_ws/build/micro_ros_agent/agent/src/xrceagent-build/temp_install/spdlog-1.9.2/include/spdlog/fmt\n'}
[53.727082] (micro_ros_agent) StdoutLine: {'line': b'-- Installing: /home/adrian/Desktop/ROS2_playground/SCARA_robot/software/ros_scara_ws/build/micro_ros_agent/agent/src/xrceagent-build/temp_install/spdlog-1.9.2/include/spdlog/fmt/chrono.h\n'}
[53.727221] (micro_ros_agent) StdoutLine: {'line': b'-- Installing: /home/adrian/Desktop/ROS2_playground/SCARA_robot/software/ros_scara_ws/build/micro_ros_agent/agent/src/xrceagent-build/temp_install/spdlog-1.9.2/include/spdlog/fmt/xchar.h\n'}
[53.727360] (micro_ros_agent) StdoutLine: {'line': b'-- Installing: /home/adrian/Desktop/ROS2_playground/SCARA_robot/software/ros_scara_ws/build/micro_ros_agent/agent/src/xrceagent-build/temp_install/spdlog-1.9.2/include/spdlog/fmt/compile.h\n'}
[53.727503] (micro_ros_agent) StdoutLine: {'line': b'-- Installing: /home/adrian/Desktop/ROS2_playground/SCARA_robot/software/ros_scara_ws/build/micro_ros_agent/agent/src/xrceagent-build/temp_install/spdlog-1.9.2/include/spdlog/fmt/fmt.h\n'}
[53.727664] (micro_ros_agent) StdoutLine: {'line': b'-- Installing: /home/adrian/Desktop/ROS2_playground/SCARA_robot/software/ros_scara_ws/build/micro_ros_agent/agent/src/xrceagent-build/temp_install/spdlog-1.9.2/include/spdlog/fmt/bin_to_hex.h\n'}
[53.727807] (micro_ros_agent) StdoutLine: {'line': b'-- Installing: /home/adrian/Desktop/ROS2_playground/SCARA_robot/software/ros_scara_ws/build/micro_ros_agent/agent/src/xrceagent-build/temp_install/spdlog-1.9.2/include/spdlog/fmt/ostr.h\n'}
[53.727947] (micro_ros_agent) StdoutLine: {'line': b'-- Installing: /home/adrian/Desktop/ROS2_playground/SCARA_robot/software/ros_scara_ws/build/micro_ros_agent/agent/src/xrceagent-build/temp_install/spdlog-1.9.2/include/spdlog/spdlog-inl.h\n'}
[53.728083] (micro_ros_agent) StdoutLine: {'line': b'-- Installing: /home/adrian/Desktop/ROS2_playground/SCARA_robot/software/ros_scara_ws/build/micro_ros_agent/agent/src/xrceagent-build/temp_install/spdlog-1.9.2/include/spdlog/cfg\n'}
[53.728187] (micro_ros_agent) StdoutLine: {'line': b'-- Installing: /home/adrian/Desktop/ROS2_playground/SCARA_robot/software/ros_scara_ws/build/micro_ros_agent/agent/src/xrceagent-build/temp_install/spdlog-1.9.2/include/spdlog/cfg/argv.h\n'}
[53.728329] (micro_ros_agent) StdoutLine: {'line': b'-- Installing: /home/adrian/Desktop/ROS2_playground/SCARA_robot/software/ros_scara_ws/build/micro_ros_agent/agent/src/xrceagent-build/temp_install/spdlog-1.9.2/include/spdlog/cfg/helpers.h\n'}
[53.728467] (micro_ros_agent) StdoutLine: {'line': b'-- Installing: /home/adrian/Desktop/ROS2_playground/SCARA_robot/software/ros_scara_ws/build/micro_ros_agent/agent/src/xrceagent-build/temp_install/spdlog-1.9.2/include/spdlog/cfg/helpers-inl.h\n'}
[53.728646] (micro_ros_agent) StdoutLine: {'line': b'-- Installing: /home/adrian/Desktop/ROS2_playground/SCARA_robot/software/ros_scara_ws/build/micro_ros_agent/agent/src/xrceagent-build/temp_install/spdlog-1.9.2/include/spdlog/cfg/env.h\n'}
[53.728786] (micro_ros_agent) StdoutLine: {'line': b'-- Installing: /home/adrian/Desktop/ROS2_playground/SCARA_robot/software/ros_scara_ws/build/micro_ros_agent/agent/src/xrceagent-build/temp_install/spdlog-1.9.2/include/spdlog/async_logger.h\n'}
[53.728925] (micro_ros_agent) StdoutLine: {'line': b'-- Installing: /home/adrian/Desktop/ROS2_playground/SCARA_robot/software/ros_scara_ws/build/micro_ros_agent/agent/src/xrceagent-build/temp_install/spdlog-1.9.2/include/spdlog/formatter.h\n'}
[53.729063] (micro_ros_agent) StdoutLine: {'line': b'-- Installing: /home/adrian/Desktop/ROS2_playground/SCARA_robot/software/ros_scara_ws/build/micro_ros_agent/agent/src/xrceagent-build/temp_install/spdlog-1.9.2/include/spdlog/logger.h\n'}
[53.729347] (micro_ros_agent) StdoutLine: {'line': b'-- Installing: /home/adrian/Desktop/ROS2_playground/SCARA_robot/software/ros_scara_ws/build/micro_ros_agent/agent/src/xrceagent-build/temp_install/spdlog-1.9.2/lib/libspdlog.a\n'}
[53.731117] (micro_ros_agent) StdoutLine: {'line': b'-- Installing: /home/adrian/Desktop/ROS2_playground/SCARA_robot/software/ros_scara_ws/build/micro_ros_agent/agent/src/xrceagent-build/temp_install/spdlog-1.9.2/include/spdlog/fmt/bundled/\n'}
[53.731271] (micro_ros_agent) StdoutLine: {'line': b'-- Installing: /home/adrian/Desktop/ROS2_playground/SCARA_robot/software/ros_scara_ws/build/micro_ros_agent/agent/src/xrceagent-build/temp_install/spdlog-1.9.2/include/spdlog/fmt/bundled//os.h\n'}
[53.731392] (micro_ros_agent) StdoutLine: {'line': b'-- Installing: /home/adrian/Desktop/ROS2_playground/SCARA_robot/software/ros_scara_ws/build/micro_ros_agent/agent/src/xrceagent-build/temp_install/spdlog-1.9.2/include/spdlog/fmt/bundled//chrono.h\n'}
[53.731682] (micro_ros_agent) StdoutLine: {'line': b'-- Installing: /home/adrian/Desktop/ROS2_playground/SCARA_robot/software/ros_scara_ws/build/micro_ros_agent/agent/src/xrceagent-build/temp_install/spdlog-1.9.2/include/spdlog/fmt/bundled//xchar.h\n'}
[53.731852] (micro_ros_agent) StdoutLine: {'line': b'-- Installing: /home/adrian/Desktop/ROS2_playground/SCARA_robot/software/ros_scara_ws/build/micro_ros_agent/agent/src/xrceagent-build/temp_install/spdlog-1.9.2/include/spdlog/fmt/bundled//ranges.h\n'}
[53.731984] (micro_ros_agent) StdoutLine: {'line': b'-- Installing: /home/adrian/Desktop/ROS2_playground/SCARA_robot/software/ros_scara_ws/build/micro_ros_agent/agent/src/xrceagent-build/temp_install/spdlog-1.9.2/include/spdlog/fmt/bundled//args.h\n'}
[53.732094] (micro_ros_agent) StdoutLine: {'line': b'-- Installing: /home/adrian/Desktop/ROS2_playground/SCARA_robot/software/ros_scara_ws/build/micro_ros_agent/agent/src/xrceagent-build/temp_install/spdlog-1.9.2/include/spdlog/fmt/bundled//compile.h\n'}
[53.732267] (micro_ros_agent) StdoutLine: {'line': b'-- Installing: /home/adrian/Desktop/ROS2_playground/SCARA_robot/software/ros_scara_ws/build/micro_ros_agent/agent/src/xrceagent-build/temp_install/spdlog-1.9.2/include/spdlog/fmt/bundled//ostream.h\n'}
[53.732535] (micro_ros_agent) StdoutLine: {'line': b'-- Installing: /home/adrian/Desktop/ROS2_playground/SCARA_robot/software/ros_scara_ws/build/micro_ros_agent/agent/src/xrceagent-build/temp_install/spdlog-1.9.2/include/spdlog/fmt/bundled//locale.h\n'}
[53.732653] (micro_ros_agent) StdoutLine: {'line': b'-- Installing: /home/adrian/Desktop/ROS2_playground/SCARA_robot/software/ros_scara_ws/build/micro_ros_agent/agent/src/xrceagent-build/temp_install/spdlog-1.9.2/include/spdlog/fmt/bundled//color.h\n'}
[53.732764] (micro_ros_agent) StdoutLine: {'line': b'-- Installing: /home/adrian/Desktop/ROS2_playground/SCARA_robot/software/ros_scara_ws/build/micro_ros_agent/agent/src/xrceagent-build/temp_install/spdlog-1.9.2/include/spdlog/fmt/bundled//printf.h\n'}
[53.732939] (micro_ros_agent) StdoutLine: {'line': b'-- Installing: /home/adrian/Desktop/ROS2_playground/SCARA_robot/software/ros_scara_ws/build/micro_ros_agent/agent/src/xrceagent-build/temp_install/spdlog-1.9.2/include/spdlog/fmt/bundled//core.h\n'}
[53.733190] (micro_ros_agent) StdoutLine: {'line': b'-- Installing: /home/adrian/Desktop/ROS2_playground/SCARA_robot/software/ros_scara_ws/build/micro_ros_agent/agent/src/xrceagent-build/temp_install/spdlog-1.9.2/include/spdlog/fmt/bundled//format.h\n'}
[53.733439] (micro_ros_agent) StdoutLine: {'line': b'-- Installing: /home/adrian/Desktop/ROS2_playground/SCARA_robot/software/ros_scara_ws/build/micro_ros_agent/agent/src/xrceagent-build/temp_install/spdlog-1.9.2/include/spdlog/fmt/bundled//format-inl.h\n'}
[53.733812] (micro_ros_agent) StdoutLine: {'line': b'-- Installing: /home/adrian/Desktop/ROS2_playground/SCARA_robot/software/ros_scara_ws/build/micro_ros_agent/agent/src/xrceagent-build/temp_install/spdlog-1.9.2/lib/pkgconfig/spdlog.pc\n'}
[53.734116] (micro_ros_agent) StdoutLine: {'line': b'-- Installing: /home/adrian/Desktop/ROS2_playground/SCARA_robot/software/ros_scara_ws/build/micro_ros_agent/agent/src/xrceagent-build/temp_install/spdlog-1.9.2/lib/cmake/spdlog/spdlogConfigTargets.cmake\n'}
[53.734310] (micro_ros_agent) StdoutLine: {'line': b'-- Installing: /home/adrian/Desktop/ROS2_playground/SCARA_robot/software/ros_scara_ws/build/micro_ros_agent/agent/src/xrceagent-build/temp_install/spdlog-1.9.2/lib/cmake/spdlog/spdlogConfigTargets-release.cmake\n'}
[53.734519] (micro_ros_agent) StdoutLine: {'line': b'-- Installing: /home/adrian/Desktop/ROS2_playground/SCARA_robot/software/ros_scara_ws/build/micro_ros_agent/agent/src/xrceagent-build/temp_install/spdlog-1.9.2/lib/cmake/spdlog/spdlogConfig.cmake\n'}
[53.734686] (micro_ros_agent) StdoutLine: {'line': b'-- Installing: /home/adrian/Desktop/ROS2_playground/SCARA_robot/software/ros_scara_ws/build/micro_ros_agent/agent/src/xrceagent-build/temp_install/spdlog-1.9.2/lib/cmake/spdlog/spdlogConfigVersion.cmake\n'}
[53.757633] (micro_ros_agent) StdoutLine: {'line': b"[ 50%] \x1b[34m\x1b[1mCompleted 'spdlog'\x1b[0m\n"}
[53.793269] (-) TimerEvent: {}
[53.795663] (micro_ros_agent) StdoutLine: {'line': b'[ 50%] Built target spdlog\n'}
[53.820082] (micro_ros_agent) StdoutLine: {'line': b"[ 56%] \x1b[34m\x1b[1mCreating directories for 'uagent'\x1b[0m\n"}
[53.849358] (micro_ros_agent) StdoutLine: {'line': b"[ 62%] \x1b[34m\x1b[1mNo download step for 'uagent'\x1b[0m\n"}
[53.878112] (micro_ros_agent) StdoutLine: {'line': b"[ 68%] \x1b[34m\x1b[1mNo update step for 'uagent'\x1b[0m\n"}
[53.893380] (-) TimerEvent: {}
[53.908241] (micro_ros_agent) StdoutLine: {'line': b"[ 75%] \x1b[34m\x1b[1mNo patch step for 'uagent'\x1b[0m\n"}
[53.939330] (micro_ros_agent) StdoutLine: {'line': b"[ 81%] \x1b[34m\x1b[1mPerforming configure step for 'uagent'\x1b[0m\n"}
[53.949746] (micro_ros_agent) StdoutLine: {'line': b'loading initial cache file /home/adrian/Desktop/ROS2_playground/SCARA_robot/software/ros_scara_ws/build/micro_ros_agent/agent/src/xrceagent-build/uagent-prefix/tmp/uagent-cache-.cmake\n'}
[53.955180] (micro_ros_agent) StdoutLine: {'line': b"-- Setting build type to 'Release' as none was specified.\n"}
[53.980941] (micro_ros_agent) StdoutLine: {'line': b'-- Found TinyXML2: /usr/lib/x86_64-linux-gnu/cmake/tinyxml2\n'}
[53.993479] (-) TimerEvent: {}
[54.062462] (micro_ros_agent) StdoutLine: {'line': b'-- Found OpenSSL: /usr/lib/x86_64-linux-gnu/libcrypto.so (found version "3.0.13")  \n'}
[54.066311] (micro_ros_agent) StdoutLine: {'line': b'-- Performing Test CMAKE_HAVE_LIBC_PTHREAD\n'}
[54.093620] (-) TimerEvent: {}
[54.158396] (micro_ros_agent) StdoutLine: {'line': b'-- Performing Test CMAKE_HAVE_LIBC_PTHREAD - Success\n'}
[54.159227] (micro_ros_agent) StdoutLine: {'line': b'-- Found Threads: TRUE  \n'}
[54.163007] (micro_ros_agent) StdoutLine: {'line': b'-- Configuring done (0.2s)\n'}
[54.173150] (micro_ros_agent) StdoutLine: {'line': b'-- Generating done (0.0s)\n'}
[54.173990] (micro_ros_agent) StdoutLine: {'line': b'-- Build files have been written to: /home/adrian/Desktop/ROS2_playground/SCARA_robot/software/ros_scara_ws/build/micro_ros_agent/agent/src/xrceagent-build\n'}
[54.193718] (-) TimerEvent: {}
[54.195357] (micro_ros_agent) StdoutLine: {'line': b"[ 87%] \x1b[34m\x1b[1mPerforming build step for 'uagent'\x1b[0m\n"}
[54.251399] (micro_ros_agent) StdoutLine: {'line': b'[  4%] \x1b[32mBuilding CXX object CMakeFiles/microxrcedds_agent.dir/src/cpp/Root.cpp.o\x1b[0m\n'}
[54.251685] (micro_ros_agent) StdoutLine: {'line': b'[  7%] \x1b[32mBuilding CXX object CMakeFiles/microxrcedds_agent.dir/src/cpp/publisher/Publisher.cpp.o\x1b[0m\n'}
[54.251815] (micro_ros_agent) StdoutLine: {'line': b'[  9%] \x1b[32mBuilding CXX object CMakeFiles/microxrcedds_agent.dir/src/cpp/subscriber/Subscriber.cpp.o\x1b[0m\n'}
[54.251941] (micro_ros_agent) StdoutLine: {'line': b'[ 14%] \x1b[32mBuilding CXX object CMakeFiles/microxrcedds_agent.dir/src/cpp/participant/Participant.cpp.o\x1b[0m\n'}
[54.252054] (micro_ros_agent) StdoutLine: {'line': b'[ 14%] \x1b[32mBuilding CXX object CMakeFiles/microxrcedds_agent.dir/src/cpp/topic/Topic.cpp.o\x1b[0m\n'}
[54.252164] (micro_ros_agent) StdoutLine: {'line': b'[ 16%] \x1b[32mBuilding CXX object CMakeFiles/microxrcedds_agent.dir/src/cpp/Agent.cpp.o\x1b[0m\n'}
[54.252279] (micro_ros_agent) StdoutLine: {'line': b'[ 16%] \x1b[32mBuilding CXX object CMakeFiles/microxrcedds_agent.dir/src/cpp/processor/Processor.cpp.o\x1b[0m\n'}
[54.254472] (micro_ros_agent) StdoutLine: {'line': b'[ 19%] \x1b[32mBuilding CXX object CMakeFiles/microxrcedds_agent.dir/src/cpp/AgentInstance.cpp.o\x1b[0m\n'}
[54.257454] (micro_ros_agent) StdoutLine: {'line': b'[ 21%] \x1b[32mBuilding CXX object CMakeFiles/microxrcedds_agent.dir/src/cpp/client/ProxyClient.cpp.o\x1b[0m\n'}
[54.260895] (micro_ros_agent) StdoutLine: {'line': b'[ 23%] \x1b[32mBuilding CXX object CMakeFiles/microxrcedds_agent.dir/src/cpp/datareader/DataReader.cpp.o\x1b[0m\n'}
[54.261395] (micro_ros_agent) StdoutLine: {'line': b'[ 26%] \x1b[32mBuilding CXX object CMakeFiles/microxrcedds_agent.dir/src/cpp/requester/Requester.cpp.o\x1b[0m\n'}
[54.262184] (micro_ros_agent) StdoutLine: {'line': b'[ 28%] \x1b[32mBuilding CXX object CMakeFiles/microxrcedds_agent.dir/src/cpp/datawriter/DataWriter.cpp.o\x1b[0m\n'}
[54.293835] (-) TimerEvent: {}
[54.394190] (-) TimerEvent: {}
[54.494573] (-) TimerEvent: {}
[54.597837] (-) TimerEvent: {}
[54.698336] (-) TimerEvent: {}
[54.798879] (-) TimerEvent: {}
[54.899335] (-) TimerEvent: {}
[55.000082] (-) TimerEvent: {}
[55.100789] (-) TimerEvent: {}
[55.201351] (-) TimerEvent: {}
[55.303880] (-) TimerEvent: {}
[55.404283] (-) TimerEvent: {}
[55.506620] (-) TimerEvent: {}
[55.607063] (-) TimerEvent: {}
[55.710578] (-) TimerEvent: {}
[55.811056] (-) TimerEvent: {}
[55.853179] (micro_ros_agent) StdoutLine: {'line': b'[ 30%] \x1b[32mBuilding CXX object CMakeFiles/microxrcedds_agent.dir/src/cpp/replier/Replier.cpp.o\x1b[0m\n'}
[55.911186] (-) TimerEvent: {}
[56.018560] (-) TimerEvent: {}
[56.069088] (micro_ros_agent) StdoutLine: {'line': b'[ 33%] \x1b[32mBuilding CXX object CMakeFiles/microxrcedds_agent.dir/src/cpp/object/XRCEObject.cpp.o\x1b[0m\n'}
[56.080554] (micro_ros_agent) StdoutLine: {'line': b'[ 35%] \x1b[32mBuilding CXX object CMakeFiles/microxrcedds_agent.dir/src/cpp/types/XRCETypes.cpp.o\x1b[0m\n'}
[56.113051] (micro_ros_agent) StdoutLine: {'line': b'[ 38%] \x1b[32mBuilding CXX object CMakeFiles/microxrcedds_agent.dir/src/cpp/types/MessageHeader.cpp.o\x1b[0m\n'}
[56.118677] (-) TimerEvent: {}
[56.219033] (-) TimerEvent: {}
[56.321820] (-) TimerEvent: {}
[56.422207] (-) TimerEvent: {}
[56.525882] (-) TimerEvent: {}
[56.626270] (-) TimerEvent: {}
[56.726686] (-) TimerEvent: {}
[56.827068] (-) TimerEvent: {}
[56.928862] (-) TimerEvent: {}
[57.029227] (-) TimerEvent: {}
[57.040659] (micro_ros_agent) StdoutLine: {'line': b'[ 40%] \x1b[32mBuilding CXX object CMakeFiles/microxrcedds_agent.dir/src/cpp/types/SubMessageHeader.cpp.o\x1b[0m\n'}
[57.106149] (micro_ros_agent) StdoutLine: {'line': b'[ 42%] \x1b[32mBuilding CXX object CMakeFiles/microxrcedds_agent.dir/src/cpp/message/InputMessage.cpp.o\x1b[0m\n'}
[57.131568] (-) TimerEvent: {}
[57.231934] (-) TimerEvent: {}
[57.332337] (-) TimerEvent: {}
[57.435573] (-) TimerEvent: {}
[57.535975] (-) TimerEvent: {}
[57.639561] (-) TimerEvent: {}
[57.739942] (-) TimerEvent: {}
[57.840331] (-) TimerEvent: {}
[57.940718] (-) TimerEvent: {}
[58.041139] (-) TimerEvent: {}
[58.098869] (micro_ros_agent) StdoutLine: {'line': b'[ 45%] \x1b[32mBuilding CXX object CMakeFiles/microxrcedds_agent.dir/src/cpp/message/OutputMessage.cpp.o\x1b[0m\n'}
[58.141267] (-) TimerEvent: {}
[58.243764] (-) TimerEvent: {}
[58.345295] (-) TimerEvent: {}
[58.445699] (-) TimerEvent: {}
[58.550838] (-) TimerEvent: {}
[58.651239] (-) TimerEvent: {}
[58.751689] (-) TimerEvent: {}
[58.852208] (-) TimerEvent: {}
[58.952782] (-) TimerEvent: {}
[59.053354] (-) TimerEvent: {}
[59.153992] (-) TimerEvent: {}
[59.255888] (-) TimerEvent: {}
[59.356245] (-) TimerEvent: {}
[59.459864] (-) TimerEvent: {}
[59.560252] (-) TimerEvent: {}
[59.660676] (-) TimerEvent: {}
[59.763410] (-) TimerEvent: {}
[59.867334] (-) TimerEvent: {}
[59.928974] (micro_ros_agent) StdoutLine: {'line': b'[ 47%] \x1b[32mBuilding CXX object CMakeFiles/microxrcedds_agent.dir/src/cpp/utils/ArgumentParser.cpp.o\x1b[0m\n'}
[59.969682] (-) TimerEvent: {}
[60.070957] (-) TimerEvent: {}
[60.173432] (-) TimerEvent: {}
[60.273848] (-) TimerEvent: {}
[60.375339] (-) TimerEvent: {}
[60.475761] (-) TimerEvent: {}
[60.578760] (-) TimerEvent: {}
[60.631880] (micro_ros_agent) StdoutLine: {'line': b'[ 50%] \x1b[32mBuilding CXX object CMakeFiles/microxrcedds_agent.dir/src/cpp/transport/Server.cpp.o\x1b[0m\n'}
[60.678872] (-) TimerEvent: {}
[60.746184] (micro_ros_agent) StdoutLine: {'line': b'[ 52%] \x1b[32mBuilding CXX object CMakeFiles/microxrcedds_agent.dir/src/cpp/transport/stream_framing/StreamFramingProtocol.cpp.o\x1b[0m\n'}
[60.759819] (micro_ros_agent) StdoutLine: {'line': b'[ 54%] \x1b[32mBuilding CXX object CMakeFiles/microxrcedds_agent.dir/src/cpp/transport/custom/CustomAgent.cpp.o\x1b[0m\n'}
[60.781647] (-) TimerEvent: {}
[60.882090] (-) TimerEvent: {}
[60.982629] (-) TimerEvent: {}
[61.084646] (-) TimerEvent: {}
[61.170333] (micro_ros_agent) StdoutLine: {'line': b'[ 57%] \x1b[32mBuilding CXX object CMakeFiles/microxrcedds_agent.dir/src/cpp/transport/udp/UDPv4AgentLinux.cpp.o\x1b[0m\n'}
[61.185753] (-) TimerEvent: {}
[61.286434] (-) TimerEvent: {}
[61.390879] (-) TimerEvent: {}
[61.491280] (-) TimerEvent: {}
[61.591695] (-) TimerEvent: {}
[61.692115] (-) TimerEvent: {}
[61.792536] (-) TimerEvent: {}
[61.894575] (-) TimerEvent: {}
[61.994987] (-) TimerEvent: {}
[62.099634] (-) TimerEvent: {}
[62.200053] (-) TimerEvent: {}
[62.300469] (-) TimerEvent: {}
[62.402626] (-) TimerEvent: {}
[62.503141] (-) TimerEvent: {}
[62.607581] (-) TimerEvent: {}
[62.620644] (micro_ros_agent) StdoutLine: {'line': b'[ 59%] \x1b[32mBuilding CXX object CMakeFiles/microxrcedds_agent.dir/src/cpp/transport/udp/UDPv6AgentLinux.cpp.o\x1b[0m\n'}
[62.707703] (-) TimerEvent: {}
[62.808165] (-) TimerEvent: {}
[62.908584] (-) TimerEvent: {}
[63.008987] (-) TimerEvent: {}
[63.109406] (-) TimerEvent: {}
[63.213576] (-) TimerEvent: {}
[63.262642] (micro_ros_agent) StdoutLine: {'line': b'[ 61%] \x1b[32mBuilding CXX object CMakeFiles/microxrcedds_agent.dir/src/cpp/transport/tcp/TCPv4AgentLinux.cpp.o\x1b[0m\n'}
[63.313706] (-) TimerEvent: {}
[63.322992] (micro_ros_agent) StdoutLine: {'line': b'[ 64%] \x1b[32mBuilding CXX object CMakeFiles/microxrcedds_agent.dir/src/cpp/transport/tcp/TCPv6AgentLinux.cpp.o\x1b[0m\n'}
[63.413824] (-) TimerEvent: {}
[63.516899] (-) TimerEvent: {}
[63.617286] (-) TimerEvent: {}
[63.717856] (-) TimerEvent: {}
[63.823608] (-) TimerEvent: {}
[63.924033] (-) TimerEvent: {}
[63.965475] (micro_ros_agent) StdoutLine: {'line': b'[ 66%] \x1b[32mBuilding CXX object CMakeFiles/microxrcedds_agent.dir/src/cpp/transport/serial/SerialAgentLinux.cpp.o\x1b[0m\n'}
[64.024162] (-) TimerEvent: {}
[64.124794] (-) TimerEvent: {}
[64.225391] (-) TimerEvent: {}
[64.328017] (-) TimerEvent: {}
[64.428434] (-) TimerEvent: {}
[64.530632] (-) TimerEvent: {}
[64.631036] (-) TimerEvent: {}
[64.731448] (-) TimerEvent: {}
[64.832018] (-) TimerEvent: {}
[64.934630] (-) TimerEvent: {}
[65.035075] (-) TimerEvent: {}
[65.135502] (-) TimerEvent: {}
[65.239573] (-) TimerEvent: {}
[65.340871] (-) TimerEvent: {}
[65.441336] (-) TimerEvent: {}
[65.450369] (micro_ros_agent) StdoutLine: {'line': b'[ 69%] \x1b[32mBuilding CXX object CMakeFiles/microxrcedds_agent.dir/src/cpp/transport/serial/TermiosAgentLinux.cpp.o\x1b[0m\n'}
[65.541462] (-) TimerEvent: {}
[65.643567] (-) TimerEvent: {}
[65.743963] (-) TimerEvent: {}
[65.774469] (micro_ros_agent) StdoutLine: {'line': b'[ 71%] \x1b[32mBuilding CXX object CMakeFiles/microxrcedds_agent.dir/src/cpp/transport/serial/MultiSerialAgentLinux.cpp.o\x1b[0m\n'}
[65.847807] (-) TimerEvent: {}
[65.948295] (-) TimerEvent: {}
[66.048901] (-) TimerEvent: {}
[66.149340] (-) TimerEvent: {}
[66.249804] (-) TimerEvent: {}
[66.351626] (-) TimerEvent: {}
[66.452134] (-) TimerEvent: {}
[66.553366] (-) TimerEvent: {}
[66.653823] (-) TimerEvent: {}
[66.754351] (-) TimerEvent: {}
[66.825572] (micro_ros_agent) StdoutLine: {'line': b'[ 73%] \x1b[32mBuilding CXX object CMakeFiles/microxrcedds_agent.dir/src/cpp/transport/serial/MultiTermiosAgentLinux.cpp.o\x1b[0m\n'}
[66.854895] (-) TimerEvent: {}
[66.955950] (-) TimerEvent: {}
[67.057642] (-) TimerEvent: {}
[67.158253] (-) TimerEvent: {}
[67.259631] (-) TimerEvent: {}
[67.364579] (-) TimerEvent: {}
[67.465032] (-) TimerEvent: {}
[67.565451] (-) TimerEvent: {}
[67.665907] (-) TimerEvent: {}
[67.769139] (-) TimerEvent: {}
[67.870637] (-) TimerEvent: {}
[67.972636] (-) TimerEvent: {}
[68.073083] (-) TimerEvent: {}
[68.174897] (-) TimerEvent: {}
[68.277636] (-) TimerEvent: {}
[68.378120] (-) TimerEvent: {}
[68.480933] (-) TimerEvent: {}
[68.583570] (-) TimerEvent: {}
[68.684019] (-) TimerEvent: {}
[68.784472] (-) TimerEvent: {}
[68.887581] (-) TimerEvent: {}
[68.965297] (micro_ros_agent) StdoutLine: {'line': b'[ 76%] \x1b[32mBuilding CXX object CMakeFiles/microxrcedds_agent.dir/src/cpp/transport/serial/PseudoTerminalAgentLinux.cpp.o\x1b[0m\n'}
[68.987723] (-) TimerEvent: {}
[69.088479] (-) TimerEvent: {}
[69.190131] (-) TimerEvent: {}
[69.290571] (-) TimerEvent: {}
[69.391597] (-) TimerEvent: {}
[69.493593] (-) TimerEvent: {}
[69.594018] (-) TimerEvent: {}
[69.697939] (-) TimerEvent: {}
[69.798658] (-) TimerEvent: {}
[69.877585] (micro_ros_agent) StdoutLine: {'line': b'[ 78%] \x1b[32mBuilding CXX object CMakeFiles/microxrcedds_agent.dir/src/cpp/transport/can/CanAgentLinux.cpp.o\x1b[0m\n'}
[69.899642] (-) TimerEvent: {}
[70.001612] (-) TimerEvent: {}
[70.102144] (-) TimerEvent: {}
[70.202585] (-) TimerEvent: {}
[70.308077] (-) TimerEvent: {}
[70.408546] (-) TimerEvent: {}
[70.417706] (micro_ros_agent) StdoutLine: {'line': b'[ 80%] \x1b[32mBuilding CXX object CMakeFiles/microxrcedds_agent.dir/src/cpp/transport/discovery/DiscoveryServerLinux.cpp.o\x1b[0m\n'}
[70.508674] (-) TimerEvent: {}
[70.612898] (-) TimerEvent: {}
[70.717925] (-) TimerEvent: {}
[70.818316] (-) TimerEvent: {}
[70.921090] (-) TimerEvent: {}
[71.021566] (-) TimerEvent: {}
[71.123655] (-) TimerEvent: {}
[71.224203] (-) TimerEvent: {}
[71.328357] (-) TimerEvent: {}
[71.432087] (-) TimerEvent: {}
[71.532598] (-) TimerEvent: {}
[71.558903] (micro_ros_agent) StdoutLine: {'line': b'[ 83%] \x1b[32mBuilding CXX object CMakeFiles/microxrcedds_agent.dir/src/cpp/transport/discovery/DiscoveryServer.cpp.o\x1b[0m\n'}
[71.632741] (-) TimerEvent: {}
[71.735595] (-) TimerEvent: {}
[71.827207] (micro_ros_agent) StdoutLine: {'line': b'[ 85%] \x1b[32mBuilding CXX object CMakeFiles/microxrcedds_agent.dir/src/cpp/types/TopicPubSubType.cpp.o\x1b[0m\n'}
[71.839596] (-) TimerEvent: {}
[71.940129] (-) TimerEvent: {}
[72.040587] (-) TimerEvent: {}
[72.141342] (-) TimerEvent: {}
[72.244567] (-) TimerEvent: {}
[72.344989] (-) TimerEvent: {}
[72.445587] (-) TimerEvent: {}
[72.546029] (-) TimerEvent: {}
[72.648970] (-) TimerEvent: {}
[72.749391] (-) TimerEvent: {}
[72.850078] (-) TimerEvent: {}
[72.952513] (-) TimerEvent: {}
[73.053162] (-) TimerEvent: {}
[73.156628] (-) TimerEvent: {}
[73.263248] (-) TimerEvent: {}
[73.363888] (-) TimerEvent: {}
[73.436840] (micro_ros_agent) StdoutLine: {'line': b'[ 88%] \x1b[32mBuilding CXX object CMakeFiles/microxrcedds_agent.dir/src/cpp/xmlobjects/xmlobjects.cpp.o\x1b[0m\n'}
[73.466578] (-) TimerEvent: {}
[73.473835] (micro_ros_agent) StdoutLine: {'line': b'[ 90%] \x1b[32mBuilding CXX object CMakeFiles/microxrcedds_agent.dir/src/cpp/middleware/fast/FastEntities.cpp.o\x1b[0m\n'}
[73.566721] (-) TimerEvent: {}
[73.593400] (micro_ros_agent) StdoutLine: {'line': b'[ 95%] \x1b[32mBuilding CXX object CMakeFiles/microxrcedds_agent.dir/src/cpp/middleware/fast/FastMiddleware.cpp.o\x1b[0m\n'}
[73.593851] (micro_ros_agent) StdoutLine: {'line': b'[ 95%] \x1b[32mBuilding CXX object CMakeFiles/microxrcedds_agent.dir/src/cpp/middleware/fastdds/FastDDSEntities.cpp.o\x1b[0m\n'}
[73.667688] (-) TimerEvent: {}
[73.740759] (micro_ros_agent) StdoutLine: {'line': b'[ 97%] \x1b[32mBuilding CXX object CMakeFiles/microxrcedds_agent.dir/src/cpp/middleware/fastdds/FastDDSMiddleware.cpp.o\x1b[0m\n'}
[73.767827] (-) TimerEvent: {}
[73.868311] (-) TimerEvent: {}
[73.968755] (-) TimerEvent: {}
[74.069168] (-) TimerEvent: {}
[74.175575] (-) TimerEvent: {}
[74.278627] (-) TimerEvent: {}
[74.391587] (-) TimerEvent: {}
[74.495644] (-) TimerEvent: {}
[74.596317] (-) TimerEvent: {}
[74.703596] (-) TimerEvent: {}
[74.804207] (-) TimerEvent: {}
[74.905652] (-) TimerEvent: {}
[75.006351] (-) TimerEvent: {}
[75.108594] (-) TimerEvent: {}
[75.209052] (-) TimerEvent: {}
[75.309532] (-) TimerEvent: {}
[75.411127] (-) TimerEvent: {}
[75.513701] (-) TimerEvent: {}
[75.614429] (-) TimerEvent: {}
[75.718609] (-) TimerEvent: {}
[75.819101] (-) TimerEvent: {}
[75.919669] (-) TimerEvent: {}
[76.025574] (-) TimerEvent: {}
[76.126010] (-) TimerEvent: {}
[76.226523] (-) TimerEvent: {}
[76.332591] (-) TimerEvent: {}
[76.433590] (-) TimerEvent: {}
[76.535334] (-) TimerEvent: {}
[76.636392] (-) TimerEvent: {}
[76.737284] (-) TimerEvent: {}
[76.840311] (-) TimerEvent: {}
[76.940879] (-) TimerEvent: {}
[77.045574] (-) TimerEvent: {}
[77.146464] (-) TimerEvent: {}
[77.247160] (-) TimerEvent: {}
[77.347622] (-) TimerEvent: {}
[77.448086] (-) TimerEvent: {}
[77.548970] (-) TimerEvent: {}
[77.649522] (-) TimerEvent: {}
[77.749946] (-) TimerEvent: {}
[77.850353] (-) TimerEvent: {}
[77.950793] (-) TimerEvent: {}
[78.051245] (-) TimerEvent: {}
[78.151692] (-) TimerEvent: {}
[78.252142] (-) TimerEvent: {}
[78.352555] (-) TimerEvent: {}
[78.452937] (-) TimerEvent: {}
[78.553313] (-) TimerEvent: {}
[78.653665] (-) TimerEvent: {}
[78.754030] (-) TimerEvent: {}
[78.854405] (-) TimerEvent: {}
[78.954804] (-) TimerEvent: {}
[79.055147] (-) TimerEvent: {}
[79.155525] (-) TimerEvent: {}
[79.255877] (-) TimerEvent: {}
[79.356237] (-) TimerEvent: {}
[79.456571] (-) TimerEvent: {}
[79.556920] (-) TimerEvent: {}
[79.657272] (-) TimerEvent: {}
[79.757639] (-) TimerEvent: {}
[79.857988] (-) TimerEvent: {}
[79.958341] (-) TimerEvent: {}
[80.058755] (-) TimerEvent: {}
[80.159082] (-) TimerEvent: {}
[80.259411] (-) TimerEvent: {}
[80.359818] (-) TimerEvent: {}
[80.460150] (-) TimerEvent: {}
[80.560558] (-) TimerEvent: {}
[80.660921] (-) TimerEvent: {}
[80.761257] (-) TimerEvent: {}
[80.861626] (-) TimerEvent: {}
[80.961950] (-) TimerEvent: {}
[81.062283] (-) TimerEvent: {}
[81.162617] (-) TimerEvent: {}
[81.262907] (-) TimerEvent: {}
[81.363213] (-) TimerEvent: {}
[81.463547] (-) TimerEvent: {}
[81.563853] (-) TimerEvent: {}
[81.664169] (-) TimerEvent: {}
[81.764468] (-) TimerEvent: {}
[81.864759] (-) TimerEvent: {}
[81.965070] (-) TimerEvent: {}
[82.065417] (-) TimerEvent: {}
[82.166915] (-) TimerEvent: {}
[82.267269] (-) TimerEvent: {}
[82.367549] (-) TimerEvent: {}
[82.467853] (-) TimerEvent: {}
[82.568136] (-) TimerEvent: {}
[82.668397] (-) TimerEvent: {}
[82.768684] (-) TimerEvent: {}
[82.869198] (-) TimerEvent: {}
[82.969464] (-) TimerEvent: {}
[83.069730] (-) TimerEvent: {}
[83.170015] (-) TimerEvent: {}
[83.270303] (-) TimerEvent: {}
[83.370541] (-) TimerEvent: {}
[83.470814] (-) TimerEvent: {}
[83.571093] (-) TimerEvent: {}
[83.671340] (-) TimerEvent: {}
[83.771613] (-) TimerEvent: {}
[83.871896] (-) TimerEvent: {}
[83.972194] (-) TimerEvent: {}
[84.072465] (-) TimerEvent: {}
[84.173150] (-) TimerEvent: {}
[84.273448] (-) TimerEvent: {}
[84.319971] (micro_ros_agent) StdoutLine: {'line': b'[100%] \x1b[32m\x1b[1mLinking CXX shared library libmicroxrcedds_agent.so\x1b[0m\n'}
[84.373546] (-) TimerEvent: {}
[84.474079] (-) TimerEvent: {}
[84.574380] (-) TimerEvent: {}
[84.632297] (micro_ros_agent) StdoutLine: {'line': b'[100%] Built target microxrcedds_agent\n'}
[84.663924] (micro_ros_agent) StdoutLine: {'line': b"\x1b[34m\x1b[1mNo install step for 'uagent'\x1b[0m\n"}
[84.674460] (-) TimerEvent: {}
[84.696163] (micro_ros_agent) StdoutLine: {'line': b"\x1b[34m\x1b[1mCompleted 'uagent'\x1b[0m\n"}
[84.740851] (micro_ros_agent) StdoutLine: {'line': b'Built target uagent\n'}
[84.772648] (micro_ros_agent) StdoutLine: {'line': b"[ 43%] \x1b[34m\x1b[1mPerforming install step for 'xrceagent'\x1b[0m\n"}
[84.774529] (-) TimerEvent: {}
[84.874768] (-) TimerEvent: {}
[84.968801] (micro_ros_agent) StdoutLine: {'line': b'[100%] Built target microxrcedds_agent\n'}
[84.974847] (-) TimerEvent: {}
[84.999951] (micro_ros_agent) StdoutLine: {'line': b'\x1b[36mInstall the project...\x1b[0m\n'}
[85.013519] (micro_ros_agent) StdoutLine: {'line': b'-- Install configuration: "Release"\n'}
[85.013836] (micro_ros_agent) StdoutLine: {'line': b'-- Installing: /home/adrian/Desktop/ROS2_playground/SCARA_robot/software/ros_scara_ws/install/micro_ros_agent/lib/libmicroxrcedds_agent.so.2.4.3\n'}
[85.019284] (micro_ros_agent) StdoutLine: {'line': b'-- Installing: /home/adrian/Desktop/ROS2_playground/SCARA_robot/software/ros_scara_ws/install/micro_ros_agent/lib/libmicroxrcedds_agent.so.2.4\n'}
[85.019698] (micro_ros_agent) StdoutLine: {'line': b'-- Set non-toolchain portion of runtime path of "/home/adrian/Desktop/ROS2_playground/SCARA_robot/software/ros_scara_ws/install/micro_ros_agent/lib/libmicroxrcedds_agent.so.2.4.3" to ""\n'}
[85.019909] (micro_ros_agent) StdoutLine: {'line': b'-- Installing: /home/adrian/Desktop/ROS2_playground/SCARA_robot/software/ros_scara_ws/install/micro_ros_agent/lib/libmicroxrcedds_agent.so\n'}
[85.020022] (micro_ros_agent) StdoutLine: {'line': b'-- Installing: /home/adrian/Desktop/ROS2_playground/SCARA_robot/software/ros_scara_ws/install/micro_ros_agent/include/uxr/agent\n'}
[85.020151] (micro_ros_agent) StdoutLine: {'line': b'-- Installing: /home/adrian/Desktop/ROS2_playground/SCARA_robot/software/ros_scara_ws/install/micro_ros_agent/include/uxr/agent/transport\n'}
[85.020285] (micro_ros_agent) StdoutLine: {'line': b'-- Installing: /home/adrian/Desktop/ROS2_playground/SCARA_robot/software/ros_scara_ws/install/micro_ros_agent/include/uxr/agent/transport/tcp\n'}
[85.020425] (micro_ros_agent) StdoutLine: {'line': b'-- Installing: /home/adrian/Desktop/ROS2_playground/SCARA_robot/software/ros_scara_ws/install/micro_ros_agent/include/uxr/agent/transport/tcp/TCPv6AgentLinux.hpp\n'}
[85.020584] (micro_ros_agent) StdoutLine: {'line': b'-- Installing: /home/adrian/Desktop/ROS2_playground/SCARA_robot/software/ros_scara_ws/install/micro_ros_agent/include/uxr/agent/transport/tcp/TCPv4AgentWindows.hpp\n'}
[85.020759] (micro_ros_agent) StdoutLine: {'line': b'-- Installing: /home/adrian/Desktop/ROS2_playground/SCARA_robot/software/ros_scara_ws/install/micro_ros_agent/include/uxr/agent/transport/tcp/TCPConnection.hpp\n'}
[85.020960] (micro_ros_agent) StdoutLine: {'line': b'-- Installing: /home/adrian/Desktop/ROS2_playground/SCARA_robot/software/ros_scara_ws/install/micro_ros_agent/include/uxr/agent/transport/tcp/TCPServerBase.hpp\n'}
[85.021123] (micro_ros_agent) StdoutLine: {'line': b'-- Installing: /home/adrian/Desktop/ROS2_playground/SCARA_robot/software/ros_scara_ws/install/micro_ros_agent/include/uxr/agent/transport/tcp/TCPv6AgentWindows.hpp\n'}
[85.021283] (micro_ros_agent) StdoutLine: {'line': b'-- Installing: /home/adrian/Desktop/ROS2_playground/SCARA_robot/software/ros_scara_ws/install/micro_ros_agent/include/uxr/agent/transport/tcp/TCPv4AgentLinux.hpp\n'}
[85.021469] (micro_ros_agent) StdoutLine: {'line': b'-- Installing: /home/adrian/Desktop/ROS2_playground/SCARA_robot/software/ros_scara_ws/install/micro_ros_agent/include/uxr/agent/transport/custom\n'}
[85.021721] (micro_ros_agent) StdoutLine: {'line': b'-- Installing: /home/adrian/Desktop/ROS2_playground/SCARA_robot/software/ros_scara_ws/install/micro_ros_agent/include/uxr/agent/transport/custom/CustomAgent.hpp\n'}
[85.021986] (micro_ros_agent) StdoutLine: {'line': b'-- Installing: /home/adrian/Desktop/ROS2_playground/SCARA_robot/software/ros_scara_ws/install/micro_ros_agent/include/uxr/agent/transport/util\n'}
[85.022193] (micro_ros_agent) StdoutLine: {'line': b'-- Installing: /home/adrian/Desktop/ROS2_playground/SCARA_robot/software/ros_scara_ws/install/micro_ros_agent/include/uxr/agent/transport/util/InterfaceLinux.hpp\n'}
[85.022429] (micro_ros_agent) StdoutLine: {'line': b'-- Installing: /home/adrian/Desktop/ROS2_playground/SCARA_robot/software/ros_scara_ws/install/micro_ros_agent/include/uxr/agent/transport/util/InterfaceWindows.hpp\n'}
[85.022634] (micro_ros_agent) StdoutLine: {'line': b'-- Installing: /home/adrian/Desktop/ROS2_playground/SCARA_robot/software/ros_scara_ws/install/micro_ros_agent/include/uxr/agent/transport/TransportRc.hpp\n'}
[85.022845] (micro_ros_agent) StdoutLine: {'line': b'-- Installing: /home/adrian/Desktop/ROS2_playground/SCARA_robot/software/ros_scara_ws/install/micro_ros_agent/include/uxr/agent/transport/discovery\n'}
[85.023024] (micro_ros_agent) StdoutLine: {'line': b'-- Installing: /home/adrian/Desktop/ROS2_playground/SCARA_robot/software/ros_scara_ws/install/micro_ros_agent/include/uxr/agent/transport/discovery/DiscoveryServer.hpp\n'}
[85.023229] (micro_ros_agent) StdoutLine: {'line': b'-- Installing: /home/adrian/Desktop/ROS2_playground/SCARA_robot/software/ros_scara_ws/install/micro_ros_agent/include/uxr/agent/transport/discovery/DiscoveryServerWindows.hpp\n'}
[85.023421] (micro_ros_agent) StdoutLine: {'line': b'-- Installing: /home/adrian/Desktop/ROS2_playground/SCARA_robot/software/ros_scara_ws/install/micro_ros_agent/include/uxr/agent/transport/discovery/DiscoveryServerLinux.hpp\n'}
[85.023649] (micro_ros_agent) StdoutLine: {'line': b'-- Installing: /home/adrian/Desktop/ROS2_playground/SCARA_robot/software/ros_scara_ws/install/micro_ros_agent/include/uxr/agent/transport/can\n'}
[85.023837] (micro_ros_agent) StdoutLine: {'line': b'-- Installing: /home/adrian/Desktop/ROS2_playground/SCARA_robot/software/ros_scara_ws/install/micro_ros_agent/include/uxr/agent/transport/can/CanAgentLinux.hpp\n'}
[85.024038] (micro_ros_agent) StdoutLine: {'line': b'-- Installing: /home/adrian/Desktop/ROS2_playground/SCARA_robot/software/ros_scara_ws/install/micro_ros_agent/include/uxr/agent/transport/stream_framing\n'}
[85.024215] (micro_ros_agent) StdoutLine: {'line': b'-- Installing: /home/adrian/Desktop/ROS2_playground/SCARA_robot/software/ros_scara_ws/install/micro_ros_agent/include/uxr/agent/transport/stream_framing/StreamFramingProtocol.hpp\n'}
[85.024434] (micro_ros_agent) StdoutLine: {'line': b'-- Installing: /home/adrian/Desktop/ROS2_playground/SCARA_robot/software/ros_scara_ws/install/micro_ros_agent/include/uxr/agent/transport/udp\n'}
[85.024679] (micro_ros_agent) StdoutLine: {'line': b'-- Installing: /home/adrian/Desktop/ROS2_playground/SCARA_robot/software/ros_scara_ws/install/micro_ros_agent/include/uxr/agent/transport/udp/UDPv4AgentWindows.hpp\n'}
[85.024900] (micro_ros_agent) StdoutLine: {'line': b'-- Installing: /home/adrian/Desktop/ROS2_playground/SCARA_robot/software/ros_scara_ws/install/micro_ros_agent/include/uxr/agent/transport/udp/UDPv6AgentWindows.hpp\n'}
[85.025116] (micro_ros_agent) StdoutLine: {'line': b'-- Installing: /home/adrian/Desktop/ROS2_playground/SCARA_robot/software/ros_scara_ws/install/micro_ros_agent/include/uxr/agent/transport/udp/UDPv6AgentLinux.hpp\n'}
[85.025294] (micro_ros_agent) StdoutLine: {'line': b'-- Installing: /home/adrian/Desktop/ROS2_playground/SCARA_robot/software/ros_scara_ws/install/micro_ros_agent/include/uxr/agent/transport/udp/UDPv4AgentLinux.hpp\n'}
[85.025505] (micro_ros_agent) StdoutLine: {'line': b'-- Installing: /home/adrian/Desktop/ROS2_playground/SCARA_robot/software/ros_scara_ws/install/micro_ros_agent/include/uxr/agent/transport/p2p\n'}
[85.025706] (micro_ros_agent) StdoutLine: {'line': b'-- Installing: /home/adrian/Desktop/ROS2_playground/SCARA_robot/software/ros_scara_ws/install/micro_ros_agent/include/uxr/agent/transport/p2p/AgentDiscoverer.hpp\n'}
[85.025894] (micro_ros_agent) StdoutLine: {'line': b'-- Installing: /home/adrian/Desktop/ROS2_playground/SCARA_robot/software/ros_scara_ws/install/micro_ros_agent/include/uxr/agent/transport/p2p/AgentDiscovererLinux.hpp\n'}
[85.026073] (micro_ros_agent) StdoutLine: {'line': b'-- Installing: /home/adrian/Desktop/ROS2_playground/SCARA_robot/software/ros_scara_ws/install/micro_ros_agent/include/uxr/agent/transport/serial\n'}
[85.026216] (micro_ros_agent) StdoutLine: {'line': b'-- Installing: /home/adrian/Desktop/ROS2_playground/SCARA_robot/software/ros_scara_ws/install/micro_ros_agent/include/uxr/agent/transport/serial/SerialAgentLinux.hpp\n'}
[85.026385] (micro_ros_agent) StdoutLine: {'line': b'-- Installing: /home/adrian/Desktop/ROS2_playground/SCARA_robot/software/ros_scara_ws/install/micro_ros_agent/include/uxr/agent/transport/serial/baud_rate_table_linux.h\n'}
[85.026614] (micro_ros_agent) StdoutLine: {'line': b'-- Installing: /home/adrian/Desktop/ROS2_playground/SCARA_robot/software/ros_scara_ws/install/micro_ros_agent/include/uxr/agent/transport/serial/MultiSerialAgentLinux.hpp\n'}
[85.026811] (micro_ros_agent) StdoutLine: {'line': b'-- Installing: /home/adrian/Desktop/ROS2_playground/SCARA_robot/software/ros_scara_ws/install/micro_ros_agent/include/uxr/agent/transport/serial/TermiosAgentLinux.hpp\n'}
[85.026993] (micro_ros_agent) StdoutLine: {'line': b'-- Installing: /home/adrian/Desktop/ROS2_playground/SCARA_robot/software/ros_scara_ws/install/micro_ros_agent/include/uxr/agent/transport/serial/MultiTermiosAgentLinux.hpp\n'}
[85.027207] (micro_ros_agent) StdoutLine: {'line': b'-- Installing: /home/adrian/Desktop/ROS2_playground/SCARA_robot/software/ros_scara_ws/install/micro_ros_agent/include/uxr/agent/transport/serial/PseudoTerminalAgentLinux.hpp\n'}
[85.027414] (micro_ros_agent) StdoutLine: {'line': b'-- Installing: /home/adrian/Desktop/ROS2_playground/SCARA_robot/software/ros_scara_ws/install/micro_ros_agent/include/uxr/agent/transport/Server.hpp\n'}
[85.027652] (micro_ros_agent) StdoutLine: {'line': b'-- Installing: /home/adrian/Desktop/ROS2_playground/SCARA_robot/software/ros_scara_ws/install/micro_ros_agent/include/uxr/agent/transport/SessionManager.hpp\n'}
[85.027847] (micro_ros_agent) StdoutLine: {'line': b'-- Installing: /home/adrian/Desktop/ROS2_playground/SCARA_robot/software/ros_scara_ws/install/micro_ros_agent/include/uxr/agent/transport/endpoint\n'}
[85.028078] (micro_ros_agent) StdoutLine: {'line': b'-- Installing: /home/adrian/Desktop/ROS2_playground/SCARA_robot/software/ros_scara_ws/install/micro_ros_agent/include/uxr/agent/transport/endpoint/IPv6EndPoint.hpp\n'}
[85.028297] (micro_ros_agent) StdoutLine: {'line': b'-- Installing: /home/adrian/Desktop/ROS2_playground/SCARA_robot/software/ros_scara_ws/install/micro_ros_agent/include/uxr/agent/transport/endpoint/CustomEndPoint.hpp\n'}
[85.028532] (micro_ros_agent) StdoutLine: {'line': b'-- Installing: /home/adrian/Desktop/ROS2_playground/SCARA_robot/software/ros_scara_ws/install/micro_ros_agent/include/uxr/agent/transport/endpoint/SerialEndPoint.hpp\n'}
[85.028732] (micro_ros_agent) StdoutLine: {'line': b'-- Installing: /home/adrian/Desktop/ROS2_playground/SCARA_robot/software/ros_scara_ws/install/micro_ros_agent/include/uxr/agent/transport/endpoint/MultiSerialEndPoint.hpp\n'}
[85.028974] (micro_ros_agent) StdoutLine: {'line': b'-- Installing: /home/adrian/Desktop/ROS2_playground/SCARA_robot/software/ros_scara_ws/install/micro_ros_agent/include/uxr/agent/transport/endpoint/IPv4EndPoint.hpp\n'}
[85.029192] (micro_ros_agent) StdoutLine: {'line': b'-- Installing: /home/adrian/Desktop/ROS2_playground/SCARA_robot/software/ros_scara_ws/install/micro_ros_agent/include/uxr/agent/transport/endpoint/CanEndPoint.hpp\n'}
[85.029377] (micro_ros_agent) StdoutLine: {'line': b'-- Installing: /home/adrian/Desktop/ROS2_playground/SCARA_robot/software/ros_scara_ws/install/micro_ros_agent/include/uxr/agent/processor\n'}
[85.029611] (micro_ros_agent) StdoutLine: {'line': b'-- Installing: /home/adrian/Desktop/ROS2_playground/SCARA_robot/software/ros_scara_ws/install/micro_ros_agent/include/uxr/agent/processor/Processor.hpp\n'}
[85.029807] (micro_ros_agent) StdoutLine: {'line': b'-- Installing: /home/adrian/Desktop/ROS2_playground/SCARA_robot/software/ros_scara_ws/install/micro_ros_agent/include/uxr/agent/Root.hpp\n'}
[85.029957] (micro_ros_agent) StdoutLine: {'line': b'-- Installing: /home/adrian/Desktop/ROS2_playground/SCARA_robot/software/ros_scara_ws/install/micro_ros_agent/include/uxr/agent/replier\n'}
[85.030189] (micro_ros_agent) StdoutLine: {'line': b'-- Installing: /home/adrian/Desktop/ROS2_playground/SCARA_robot/software/ros_scara_ws/install/micro_ros_agent/include/uxr/agent/replier/Replier.hpp\n'}
[85.030327] (micro_ros_agent) StdoutLine: {'line': b'-- Installing: /home/adrian/Desktop/ROS2_playground/SCARA_robot/software/ros_scara_ws/install/micro_ros_agent/include/uxr/agent/reader\n'}
[85.030467] (micro_ros_agent) StdoutLine: {'line': b'-- Installing: /home/adrian/Desktop/ROS2_playground/SCARA_robot/software/ros_scara_ws/install/micro_ros_agent/include/uxr/agent/reader/Reader.hpp\n'}
[85.030798] (micro_ros_agent) StdoutLine: {'line': b'-- Installing: /home/adrian/Desktop/ROS2_playground/SCARA_robot/software/ros_scara_ws/install/micro_ros_agent/include/uxr/agent/datawriter\n'}
[85.030927] (micro_ros_agent) StdoutLine: {'line': b'-- Installing: /home/adrian/Desktop/ROS2_playground/SCARA_robot/software/ros_scara_ws/install/micro_ros_agent/include/uxr/agent/datawriter/DataWriter.hpp\n'}
[85.031171] (micro_ros_agent) StdoutLine: {'line': b'-- Installing: /home/adrian/Desktop/ROS2_playground/SCARA_robot/software/ros_scara_ws/install/micro_ros_agent/include/uxr/agent/types\n'}
[85.031469] (micro_ros_agent) StdoutLine: {'line': b'-- Installing: /home/adrian/Desktop/ROS2_playground/SCARA_robot/software/ros_scara_ws/install/micro_ros_agent/include/uxr/agent/types/XRCETypes.hpp\n'}
[85.031612] (micro_ros_agent) StdoutLine: {'line': b'-- Installing: /home/adrian/Desktop/ROS2_playground/SCARA_robot/software/ros_scara_ws/install/micro_ros_agent/include/uxr/agent/types/MessageHeader.hpp\n'}
[85.031758] (micro_ros_agent) StdoutLine: {'line': b'-- Installing: /home/adrian/Desktop/ROS2_playground/SCARA_robot/software/ros_scara_ws/install/micro_ros_agent/include/uxr/agent/types/SubMessageHeader.hpp\n'}
[85.031870] (micro_ros_agent) StdoutLine: {'line': b'-- Installing: /home/adrian/Desktop/ROS2_playground/SCARA_robot/software/ros_scara_ws/install/micro_ros_agent/include/uxr/agent/types/Optional.hpp\n'}
[85.031964] (micro_ros_agent) StdoutLine: {'line': b'-- Installing: /home/adrian/Desktop/ROS2_playground/SCARA_robot/software/ros_scara_ws/install/micro_ros_agent/include/uxr/agent/types/TopicPubSubType.hpp\n'}
[85.032056] (micro_ros_agent) StdoutLine: {'line': b'-- Installing: /home/adrian/Desktop/ROS2_playground/SCARA_robot/software/ros_scara_ws/install/micro_ros_agent/include/uxr/agent/participant\n'}
[85.032145] (micro_ros_agent) StdoutLine: {'line': b'-- Installing: /home/adrian/Desktop/ROS2_playground/SCARA_robot/software/ros_scara_ws/install/micro_ros_agent/include/uxr/agent/participant/Participant.hpp\n'}
[85.032232] (micro_ros_agent) StdoutLine: {'line': b'-- Installing: /home/adrian/Desktop/ROS2_playground/SCARA_robot/software/ros_scara_ws/install/micro_ros_agent/include/uxr/agent/Agent.hpp\n'}
[85.032389] (micro_ros_agent) StdoutLine: {'line': b'-- Installing: /home/adrian/Desktop/ROS2_playground/SCARA_robot/software/ros_scara_ws/install/micro_ros_agent/include/uxr/agent/object\n'}
[85.032562] (micro_ros_agent) StdoutLine: {'line': b'-- Installing: /home/adrian/Desktop/ROS2_playground/SCARA_robot/software/ros_scara_ws/install/micro_ros_agent/include/uxr/agent/object/XRCEObject.hpp\n'}
[85.032702] (micro_ros_agent) StdoutLine: {'line': b'-- Installing: /home/adrian/Desktop/ROS2_playground/SCARA_robot/software/ros_scara_ws/install/micro_ros_agent/include/uxr/agent/subscriber\n'}
[85.032843] (micro_ros_agent) StdoutLine: {'line': b'-- Installing: /home/adrian/Desktop/ROS2_playground/SCARA_robot/software/ros_scara_ws/install/micro_ros_agent/include/uxr/agent/subscriber/Subscriber.hpp\n'}
[85.032952] (micro_ros_agent) StdoutLine: {'line': b'-- Installing: /home/adrian/Desktop/ROS2_playground/SCARA_robot/software/ros_scara_ws/install/micro_ros_agent/include/uxr/agent/client\n'}
[85.033119] (micro_ros_agent) StdoutLine: {'line': b'-- Installing: /home/adrian/Desktop/ROS2_playground/SCARA_robot/software/ros_scara_ws/install/micro_ros_agent/include/uxr/agent/client/session\n'}
[85.033219] (micro_ros_agent) StdoutLine: {'line': b'-- Installing: /home/adrian/Desktop/ROS2_playground/SCARA_robot/software/ros_scara_ws/install/micro_ros_agent/include/uxr/agent/client/session/SessionInfo.hpp\n'}
[85.033335] (micro_ros_agent) StdoutLine: {'line': b'-- Installing: /home/adrian/Desktop/ROS2_playground/SCARA_robot/software/ros_scara_ws/install/micro_ros_agent/include/uxr/agent/client/session/stream\n'}
[85.033459] (micro_ros_agent) StdoutLine: {'line': b'-- Installing: /home/adrian/Desktop/ROS2_playground/SCARA_robot/software/ros_scara_ws/install/micro_ros_agent/include/uxr/agent/client/session/stream/OutputStream.hpp\n'}
[85.033581] (micro_ros_agent) StdoutLine: {'line': b'-- Installing: /home/adrian/Desktop/ROS2_playground/SCARA_robot/software/ros_scara_ws/install/micro_ros_agent/include/uxr/agent/client/session/stream/InputStream.hpp\n'}
[85.033711] (micro_ros_agent) StdoutLine: {'line': b'-- Installing: /home/adrian/Desktop/ROS2_playground/SCARA_robot/software/ros_scara_ws/install/micro_ros_agent/include/uxr/agent/client/session/Session.hpp\n'}
[85.033817] (micro_ros_agent) StdoutLine: {'line': b'-- Installing: /home/adrian/Desktop/ROS2_playground/SCARA_robot/software/ros_scara_ws/install/micro_ros_agent/include/uxr/agent/client/ProxyClient.hpp\n'}
[85.033957] (micro_ros_agent) StdoutLine: {'line': b'-- Installing: /home/adrian/Desktop/ROS2_playground/SCARA_robot/software/ros_scara_ws/install/micro_ros_agent/include/uxr/agent/message\n'}
[85.034085] (micro_ros_agent) StdoutLine: {'line': b'-- Installing: /home/adrian/Desktop/ROS2_playground/SCARA_robot/software/ros_scara_ws/install/micro_ros_agent/include/uxr/agent/message/OutputMessage.hpp\n'}
[85.034180] (micro_ros_agent) StdoutLine: {'line': b'-- Installing: /home/adrian/Desktop/ROS2_playground/SCARA_robot/software/ros_scara_ws/install/micro_ros_agent/include/uxr/agent/message/Packet.hpp\n'}
[85.034299] (micro_ros_agent) StdoutLine: {'line': b'-- Installing: /home/adrian/Desktop/ROS2_playground/SCARA_robot/software/ros_scara_ws/install/micro_ros_agent/include/uxr/agent/message/InputMessage.hpp\n'}
[85.034419] (micro_ros_agent) StdoutLine: {'line': b'-- Installing: /home/adrian/Desktop/ROS2_playground/SCARA_robot/software/ros_scara_ws/install/micro_ros_agent/include/uxr/agent/publisher\n'}
[85.034554] (micro_ros_agent) StdoutLine: {'line': b'-- Installing: /home/adrian/Desktop/ROS2_playground/SCARA_robot/software/ros_scara_ws/install/micro_ros_agent/include/uxr/agent/publisher/Publisher.hpp\n'}
[85.034661] (micro_ros_agent) StdoutLine: {'line': b'-- Installing: /home/adrian/Desktop/ROS2_playground/SCARA_robot/software/ros_scara_ws/install/micro_ros_agent/include/uxr/agent/scheduler\n'}
[85.034759] (micro_ros_agent) StdoutLine: {'line': b'-- Installing: /home/adrian/Desktop/ROS2_playground/SCARA_robot/software/ros_scara_ws/install/micro_ros_agent/include/uxr/agent/scheduler/PacketScheduler.hpp\n'}
[85.034888] (micro_ros_agent) StdoutLine: {'line': b'-- Installing: /home/adrian/Desktop/ROS2_playground/SCARA_robot/software/ros_scara_ws/install/micro_ros_agent/include/uxr/agent/scheduler/Scheduler.hpp\n'}
[85.035008] (micro_ros_agent) StdoutLine: {'line': b'-- Installing: /home/adrian/Desktop/ROS2_playground/SCARA_robot/software/ros_scara_ws/install/micro_ros_agent/include/uxr/agent/requester\n'}
[85.035106] (micro_ros_agent) StdoutLine: {'line': b'-- Installing: /home/adrian/Desktop/ROS2_playground/SCARA_robot/software/ros_scara_ws/install/micro_ros_agent/include/uxr/agent/requester/Requester.hpp\n'}
[85.035230] (micro_ros_agent) StdoutLine: {'line': b'-- Installing: /home/adrian/Desktop/ROS2_playground/SCARA_robot/software/ros_scara_ws/install/micro_ros_agent/include/uxr/agent/utils\n'}
[85.035331] (micro_ros_agent) StdoutLine: {'line': b'-- Installing: /home/adrian/Desktop/ROS2_playground/SCARA_robot/software/ros_scara_ws/install/micro_ros_agent/include/uxr/agent/utils/Functions.hpp\n'}
[85.035478] (micro_ros_agent) StdoutLine: {'line': b'-- Installing: /home/adrian/Desktop/ROS2_playground/SCARA_robot/software/ros_scara_ws/install/micro_ros_agent/include/uxr/agent/utils/ArgumentParser.hpp\n'}
[85.035642] (micro_ros_agent) StdoutLine: {'line': b'-- Installing: /home/adrian/Desktop/ROS2_playground/SCARA_robot/software/ros_scara_ws/install/micro_ros_agent/include/uxr/agent/utils/TokenBucket.hpp\n'}
[85.035781] (micro_ros_agent) StdoutLine: {'line': b'-- Installing: /home/adrian/Desktop/ROS2_playground/SCARA_robot/software/ros_scara_ws/install/micro_ros_agent/include/uxr/agent/utils/SharedMutexPriority.hpp\n'}
[85.035924] (micro_ros_agent) StdoutLine: {'line': b'-- Installing: /home/adrian/Desktop/ROS2_playground/SCARA_robot/software/ros_scara_ws/install/micro_ros_agent/include/uxr/agent/utils/Color.hpp\n'}
[85.036058] (micro_ros_agent) StdoutLine: {'line': b'-- Installing: /home/adrian/Desktop/ROS2_playground/SCARA_robot/software/ros_scara_ws/install/micro_ros_agent/include/uxr/agent/utils/Conversion.hpp\n'}
[85.036175] (micro_ros_agent) StdoutLine: {'line': b'-- Installing: /home/adrian/Desktop/ROS2_playground/SCARA_robot/software/ros_scara_ws/install/micro_ros_agent/include/uxr/agent/utils/SeqNum.hpp\n'}
[85.036306] (micro_ros_agent) StdoutLine: {'line': b'-- Installing: /home/adrian/Desktop/ROS2_playground/SCARA_robot/software/ros_scara_ws/install/micro_ros_agent/include/uxr/agent/utils/Time.hpp\n'}
[85.036438] (micro_ros_agent) StdoutLine: {'line': b'-- Installing: /home/adrian/Desktop/ROS2_playground/SCARA_robot/software/ros_scara_ws/install/micro_ros_agent/include/uxr/agent/utils/SharedMutex.hpp\n'}
[85.036588] (micro_ros_agent) StdoutLine: {'line': b'-- Installing: /home/adrian/Desktop/ROS2_playground/SCARA_robot/software/ros_scara_ws/install/micro_ros_agent/include/uxr/agent/logger\n'}
[85.036725] (micro_ros_agent) StdoutLine: {'line': b'-- Installing: /home/adrian/Desktop/ROS2_playground/SCARA_robot/software/ros_scara_ws/install/micro_ros_agent/include/uxr/agent/logger/Logger.hpp\n'}
[85.036858] (micro_ros_agent) StdoutLine: {'line': b'-- Installing: /home/adrian/Desktop/ROS2_playground/SCARA_robot/software/ros_scara_ws/install/micro_ros_agent/include/uxr/agent/datareader\n'}
[85.036986] (micro_ros_agent) StdoutLine: {'line': b'-- Installing: /home/adrian/Desktop/ROS2_playground/SCARA_robot/software/ros_scara_ws/install/micro_ros_agent/include/uxr/agent/datareader/DataReader.hpp\n'}
[85.037116] (micro_ros_agent) StdoutLine: {'line': b'-- Installing: /home/adrian/Desktop/ROS2_playground/SCARA_robot/software/ros_scara_ws/install/micro_ros_agent/include/uxr/agent/topic\n'}
[85.037230] (micro_ros_agent) StdoutLine: {'line': b'-- Installing: /home/adrian/Desktop/ROS2_playground/SCARA_robot/software/ros_scara_ws/install/micro_ros_agent/include/uxr/agent/topic/Topic.hpp\n'}
[85.037368] (micro_ros_agent) StdoutLine: {'line': b'-- Installing: /home/adrian/Desktop/ROS2_playground/SCARA_robot/software/ros_scara_ws/install/micro_ros_agent/include/uxr/agent/visibility.hpp\n'}
[85.037508] (micro_ros_agent) StdoutLine: {'line': b'-- Installing: /home/adrian/Desktop/ROS2_playground/SCARA_robot/software/ros_scara_ws/install/micro_ros_agent/include/uxr/agent/middleware\n'}
[85.037654] (micro_ros_agent) StdoutLine: {'line': b'-- Installing: /home/adrian/Desktop/ROS2_playground/SCARA_robot/software/ros_scara_ws/install/micro_ros_agent/include/uxr/agent/middleware/ced\n'}
[85.037785] (micro_ros_agent) StdoutLine: {'line': b'-- Installing: /home/adrian/Desktop/ROS2_playground/SCARA_robot/software/ros_scara_ws/install/micro_ros_agent/include/uxr/agent/middleware/ced/CedEntities.hpp\n'}
[85.037914] (micro_ros_agent) StdoutLine: {'line': b'-- Installing: /home/adrian/Desktop/ROS2_playground/SCARA_robot/software/ros_scara_ws/install/micro_ros_agent/include/uxr/agent/middleware/ced/CedMiddleware.hpp\n'}
[85.038084] (micro_ros_agent) StdoutLine: {'line': b'-- Installing: /home/adrian/Desktop/ROS2_playground/SCARA_robot/software/ros_scara_ws/install/micro_ros_agent/include/uxr/agent/middleware/Middleware.hpp\n'}
[85.038263] (micro_ros_agent) StdoutLine: {'line': b'-- Installing: /home/adrian/Desktop/ROS2_playground/SCARA_robot/software/ros_scara_ws/install/micro_ros_agent/include/uxr/agent/middleware/utils\n'}
[85.038405] (micro_ros_agent) StdoutLine: {'line': b'-- Installing: /home/adrian/Desktop/ROS2_playground/SCARA_robot/software/ros_scara_ws/install/micro_ros_agent/include/uxr/agent/middleware/utils/Callbacks.hpp\n'}
[85.038621] (micro_ros_agent) StdoutLine: {'line': b'-- Installing: /home/adrian/Desktop/ROS2_playground/SCARA_robot/software/ros_scara_ws/install/micro_ros_agent/include/uxr/agent/middleware/fast\n'}
[85.038774] (micro_ros_agent) StdoutLine: {'line': b'-- Installing: /home/adrian/Desktop/ROS2_playground/SCARA_robot/software/ros_scara_ws/install/micro_ros_agent/include/uxr/agent/middleware/fast/FastEntities.hpp\n'}
[85.038930] (micro_ros_agent) StdoutLine: {'line': b'-- Installing: /home/adrian/Desktop/ROS2_playground/SCARA_robot/software/ros_scara_ws/install/micro_ros_agent/include/uxr/agent/middleware/fast/FastMiddleware.hpp\n'}
[85.039113] (micro_ros_agent) StdoutLine: {'line': b'-- Installing: /home/adrian/Desktop/ROS2_playground/SCARA_robot/software/ros_scara_ws/install/micro_ros_agent/include/uxr/agent/middleware/fastdds\n'}
[85.039254] (micro_ros_agent) StdoutLine: {'line': b'-- Installing: /home/adrian/Desktop/ROS2_playground/SCARA_robot/software/ros_scara_ws/install/micro_ros_agent/include/uxr/agent/middleware/fastdds/FastDDSMiddleware.hpp\n'}
[85.039422] (micro_ros_agent) StdoutLine: {'line': b'-- Installing: /home/adrian/Desktop/ROS2_playground/SCARA_robot/software/ros_scara_ws/install/micro_ros_agent/include/uxr/agent/middleware/fastdds/FastDDSEntities.hpp\n'}
[85.039626] (micro_ros_agent) StdoutLine: {'line': b'-- Installing: /home/adrian/Desktop/ROS2_playground/SCARA_robot/software/ros_scara_ws/install/micro_ros_agent/include/uxr/agent/p2p\n'}
[85.039793] (micro_ros_agent) StdoutLine: {'line': b'-- Installing: /home/adrian/Desktop/ROS2_playground/SCARA_robot/software/ros_scara_ws/install/micro_ros_agent/include/uxr/agent/p2p/InternalClient.hpp\n'}
[85.039969] (micro_ros_agent) StdoutLine: {'line': b'-- Installing: /home/adrian/Desktop/ROS2_playground/SCARA_robot/software/ros_scara_ws/install/micro_ros_agent/include/uxr/agent/p2p/InternalClientManager.hpp\n'}
[85.040118] (micro_ros_agent) StdoutLine: {'line': b'-- Installing: /home/adrian/Desktop/ROS2_playground/SCARA_robot/software/ros_scara_ws/install/micro_ros_agent/include/uxr/agent/AgentInstance.hpp\n'}
[85.040540] (micro_ros_agent) StdoutLine: {'line': b'-- Installing: /home/adrian/Desktop/ROS2_playground/SCARA_robot/software/ros_scara_ws/install/micro_ros_agent/share/microxrcedds_agent/cmake/microxrcedds_agentTargets.cmake\n'}
[85.040771] (micro_ros_agent) StdoutLine: {'line': b'-- Installing: /home/adrian/Desktop/ROS2_playground/SCARA_robot/software/ros_scara_ws/install/micro_ros_agent/share/microxrcedds_agent/cmake/microxrcedds_agentTargets-release.cmake\n'}
[85.040982] (micro_ros_agent) StdoutLine: {'line': b'-- Installing: /home/adrian/Desktop/ROS2_playground/SCARA_robot/software/ros_scara_ws/install/micro_ros_agent/include/uxr/agent/config.hpp\n'}
[85.041190] (micro_ros_agent) StdoutLine: {'line': b'-- Installing: /home/adrian/Desktop/ROS2_playground/SCARA_robot/software/ros_scara_ws/install/micro_ros_agent/share/microxrcedds_agent/LICENSE\n'}
[85.041408] (micro_ros_agent) StdoutLine: {'line': b'-- Installing: /home/adrian/Desktop/ROS2_playground/SCARA_robot/software/ros_scara_ws/install/micro_ros_agent/share/microxrcedds_agent/cmake/microxrcedds_agentConfig.cmake\n'}
[85.041604] (micro_ros_agent) StdoutLine: {'line': b'-- Installing: /home/adrian/Desktop/ROS2_playground/SCARA_robot/software/ros_scara_ws/install/micro_ros_agent/share/microxrcedds_agent/cmake/microxrcedds_agentConfigVersion.cmake\n'}
[85.041816] (micro_ros_agent) StdoutLine: {'line': b'-- Up-to-date: /home/adrian/Desktop/ROS2_playground/SCARA_robot/software/ros_scara_ws/install/micro_ros_agent\n'}
[85.041983] (micro_ros_agent) StdoutLine: {'line': b'-- Up-to-date: /home/adrian/Desktop/ROS2_playground/SCARA_robot/software/ros_scara_ws/install/micro_ros_agent/lib\n'}
[85.042131] (micro_ros_agent) StdoutLine: {'line': b'-- Installing: /home/adrian/Desktop/ROS2_playground/SCARA_robot/software/ros_scara_ws/install/micro_ros_agent/lib/pkgconfig\n'}
[85.042242] (micro_ros_agent) StdoutLine: {'line': b'-- Installing: /home/adrian/Desktop/ROS2_playground/SCARA_robot/software/ros_scara_ws/install/micro_ros_agent/lib/pkgconfig/spdlog.pc\n'}
[85.042385] (micro_ros_agent) StdoutLine: {'line': b'-- Installing: /home/adrian/Desktop/ROS2_playground/SCARA_robot/software/ros_scara_ws/install/micro_ros_agent/lib/libspdlog.a\n'}
[85.044575] (micro_ros_agent) StdoutLine: {'line': b'-- Installing: /home/adrian/Desktop/ROS2_playground/SCARA_robot/software/ros_scara_ws/install/micro_ros_agent/lib/cmake\n'}
[85.044876] (micro_ros_agent) StdoutLine: {'line': b'-- Installing: /home/adrian/Desktop/ROS2_playground/SCARA_robot/software/ros_scara_ws/install/micro_ros_agent/lib/cmake/spdlog\n'}
[85.045120] (micro_ros_agent) StdoutLine: {'line': b'-- Installing: /home/adrian/Desktop/ROS2_playground/SCARA_robot/software/ros_scara_ws/install/micro_ros_agent/lib/cmake/spdlog/spdlogConfigTargets.cmake\n'}
[85.045307] (micro_ros_agent) StdoutLine: {'line': b'-- Installing: /home/adrian/Desktop/ROS2_playground/SCARA_robot/software/ros_scara_ws/install/micro_ros_agent/lib/cmake/spdlog/spdlogConfigVersion.cmake\n'}
[85.045433] (micro_ros_agent) StdoutLine: {'line': b'-- Installing: /home/adrian/Desktop/ROS2_playground/SCARA_robot/software/ros_scara_ws/install/micro_ros_agent/lib/cmake/spdlog/spdlogConfig.cmake\n'}
[85.045638] (micro_ros_agent) StdoutLine: {'line': b'-- Installing: /home/adrian/Desktop/ROS2_playground/SCARA_robot/software/ros_scara_ws/install/micro_ros_agent/lib/cmake/spdlog/spdlogConfigTargets-release.cmake\n'}
[85.045739] (micro_ros_agent) StdoutLine: {'line': b'-- Up-to-date: /home/adrian/Desktop/ROS2_playground/SCARA_robot/software/ros_scara_ws/install/micro_ros_agent/include\n'}
[85.045836] (micro_ros_agent) StdoutLine: {'line': b'-- Installing: /home/adrian/Desktop/ROS2_playground/SCARA_robot/software/ros_scara_ws/install/micro_ros_agent/include/spdlog\n'}
[85.045970] (micro_ros_agent) StdoutLine: {'line': b'-- Installing: /home/adrian/Desktop/ROS2_playground/SCARA_robot/software/ros_scara_ws/install/micro_ros_agent/include/spdlog/pattern_formatter.h\n'}
[85.046107] (micro_ros_agent) StdoutLine: {'line': b'-- Installing: /home/adrian/Desktop/ROS2_playground/SCARA_robot/software/ros_scara_ws/install/micro_ros_agent/include/spdlog/sinks\n'}
[85.046236] (micro_ros_agent) StdoutLine: {'line': b'-- Installing: /home/adrian/Desktop/ROS2_playground/SCARA_robot/software/ros_scara_ws/install/micro_ros_agent/include/spdlog/sinks/ansicolor_sink.h\n'}
[85.046336] (micro_ros_agent) StdoutLine: {'line': b'-- Installing: /home/adrian/Desktop/ROS2_playground/SCARA_robot/software/ros_scara_ws/install/micro_ros_agent/include/spdlog/sinks/tcp_sink.h\n'}
[85.046472] (micro_ros_agent) StdoutLine: {'line': b'-- Installing: /home/adrian/Desktop/ROS2_playground/SCARA_robot/software/ros_scara_ws/install/micro_ros_agent/include/spdlog/sinks/ringbuffer_sink.h\n'}
[85.046621] (micro_ros_agent) StdoutLine: {'line': b'-- Installing: /home/adrian/Desktop/ROS2_playground/SCARA_robot/software/ros_scara_ws/install/micro_ros_agent/include/spdlog/sinks/null_sink.h\n'}
[85.046739] (micro_ros_agent) StdoutLine: {'line': b'-- Installing: /home/adrian/Desktop/ROS2_playground/SCARA_robot/software/ros_scara_ws/install/micro_ros_agent/include/spdlog/sinks/basic_file_sink.h\n'}
[85.046864] (micro_ros_agent) StdoutLine: {'line': b'-- Installing: /home/adrian/Desktop/ROS2_playground/SCARA_robot/software/ros_scara_ws/install/micro_ros_agent/include/spdlog/sinks/stdout_sinks-inl.h\n'}
[85.047055] (micro_ros_agent) StdoutLine: {'line': b'-- Installing: /home/adrian/Desktop/ROS2_playground/SCARA_robot/software/ros_scara_ws/install/micro_ros_agent/include/spdlog/sinks/dup_filter_sink.h\n'}
[85.047234] (micro_ros_agent) StdoutLine: {'line': b'-- Installing: /home/adrian/Desktop/ROS2_playground/SCARA_robot/software/ros_scara_ws/install/micro_ros_agent/include/spdlog/sinks/sink.h\n'}
[85.047404] (micro_ros_agent) StdoutLine: {'line': b'-- Installing: /home/adrian/Desktop/ROS2_playground/SCARA_robot/software/ros_scara_ws/install/micro_ros_agent/include/spdlog/sinks/base_sink-inl.h\n'}
[85.047612] (micro_ros_agent) StdoutLine: {'line': b'-- Installing: /home/adrian/Desktop/ROS2_playground/SCARA_robot/software/ros_scara_ws/install/micro_ros_agent/include/spdlog/sinks/stdout_color_sinks-inl.h\n'}
[85.047787] (micro_ros_agent) StdoutLine: {'line': b'-- Installing: /home/adrian/Desktop/ROS2_playground/SCARA_robot/software/ros_scara_ws/install/micro_ros_agent/include/spdlog/sinks/base_sink.h\n'}
[85.047964] (micro_ros_agent) StdoutLine: {'line': b'-- Installing: /home/adrian/Desktop/ROS2_playground/SCARA_robot/software/ros_scara_ws/install/micro_ros_agent/include/spdlog/sinks/msvc_sink.h\n'}
[85.048141] (micro_ros_agent) StdoutLine: {'line': b'-- Installing: /home/adrian/Desktop/ROS2_playground/SCARA_robot/software/ros_scara_ws/install/micro_ros_agent/include/spdlog/sinks/mongo_sink.h\n'}
[85.048317] (micro_ros_agent) StdoutLine: {'line': b'-- Installing: /home/adrian/Desktop/ROS2_playground/SCARA_robot/software/ros_scara_ws/install/micro_ros_agent/include/spdlog/sinks/stdout_sinks.h\n'}
[85.048506] (micro_ros_agent) StdoutLine: {'line': b'-- Installing: /home/adrian/Desktop/ROS2_playground/SCARA_robot/software/ros_scara_ws/install/micro_ros_agent/include/spdlog/sinks/dist_sink.h\n'}
[85.048704] (micro_ros_agent) StdoutLine: {'line': b'-- Installing: /home/adrian/Desktop/ROS2_playground/SCARA_robot/software/ros_scara_ws/install/micro_ros_agent/include/spdlog/sinks/rotating_file_sink-inl.h\n'}
[85.048872] (micro_ros_agent) StdoutLine: {'line': b'-- Installing: /home/adrian/Desktop/ROS2_playground/SCARA_robot/software/ros_scara_ws/install/micro_ros_agent/include/spdlog/sinks/daily_file_sink.h\n'}
[85.049065] (micro_ros_agent) StdoutLine: {'line': b'-- Installing: /home/adrian/Desktop/ROS2_playground/SCARA_robot/software/ros_scara_ws/install/micro_ros_agent/include/spdlog/sinks/wincolor_sink-inl.h\n'}
[85.049248] (micro_ros_agent) StdoutLine: {'line': b'-- Installing: /home/adrian/Desktop/ROS2_playground/SCARA_robot/software/ros_scara_ws/install/micro_ros_agent/include/spdlog/sinks/rotating_file_sink.h\n'}
[85.049431] (micro_ros_agent) StdoutLine: {'line': b'-- Installing: /home/adrian/Desktop/ROS2_playground/SCARA_robot/software/ros_scara_ws/install/micro_ros_agent/include/spdlog/sinks/android_sink.h\n'}
[85.049616] (micro_ros_agent) StdoutLine: {'line': b'-- Installing: /home/adrian/Desktop/ROS2_playground/SCARA_robot/software/ros_scara_ws/install/micro_ros_agent/include/spdlog/sinks/stdout_color_sinks.h\n'}
[85.049800] (micro_ros_agent) StdoutLine: {'line': b'-- Installing: /home/adrian/Desktop/ROS2_playground/SCARA_robot/software/ros_scara_ws/install/micro_ros_agent/include/spdlog/sinks/basic_file_sink-inl.h\n'}
[85.049982] (micro_ros_agent) StdoutLine: {'line': b'-- Installing: /home/adrian/Desktop/ROS2_playground/SCARA_robot/software/ros_scara_ws/install/micro_ros_agent/include/spdlog/sinks/ansicolor_sink-inl.h\n'}
[85.050169] (micro_ros_agent) StdoutLine: {'line': b'-- Installing: /home/adrian/Desktop/ROS2_playground/SCARA_robot/software/ros_scara_ws/install/micro_ros_agent/include/spdlog/sinks/systemd_sink.h\n'}
[85.050347] (micro_ros_agent) StdoutLine: {'line': b'-- Installing: /home/adrian/Desktop/ROS2_playground/SCARA_robot/software/ros_scara_ws/install/micro_ros_agent/include/spdlog/sinks/qt_sinks.h\n'}
[85.050569] (micro_ros_agent) StdoutLine: {'line': b'-- Installing: /home/adrian/Desktop/ROS2_playground/SCARA_robot/software/ros_scara_ws/install/micro_ros_agent/include/spdlog/sinks/ostream_sink.h\n'}
[85.050833] (micro_ros_agent) StdoutLine: {'line': b'-- Installing: /home/adrian/Desktop/ROS2_playground/SCARA_robot/software/ros_scara_ws/install/micro_ros_agent/include/spdlog/sinks/sink-inl.h\n'}
[85.050969] (micro_ros_agent) StdoutLine: {'line': b'-- Installing: /home/adrian/Desktop/ROS2_playground/SCARA_robot/software/ros_scara_ws/install/micro_ros_agent/include/spdlog/sinks/hourly_file_sink.h\n'}
[85.051165] (micro_ros_agent) StdoutLine: {'line': b'-- Installing: /home/adrian/Desktop/ROS2_playground/SCARA_robot/software/ros_scara_ws/install/micro_ros_agent/include/spdlog/sinks/syslog_sink.h\n'}
[85.051374] (micro_ros_agent) StdoutLine: {'line': b'-- Installing: /home/adrian/Desktop/ROS2_playground/SCARA_robot/software/ros_scara_ws/install/micro_ros_agent/include/spdlog/sinks/win_eventlog_sink.h\n'}
[85.051609] (micro_ros_agent) StdoutLine: {'line': b'-- Installing: /home/adrian/Desktop/ROS2_playground/SCARA_robot/software/ros_scara_ws/install/micro_ros_agent/include/spdlog/sinks/wincolor_sink.h\n'}
[85.051819] (micro_ros_agent) StdoutLine: {'line': b'-- Installing: /home/adrian/Desktop/ROS2_playground/SCARA_robot/software/ros_scara_ws/install/micro_ros_agent/include/spdlog/common-inl.h\n'}
[85.052016] (micro_ros_agent) StdoutLine: {'line': b'-- Installing: /home/adrian/Desktop/ROS2_playground/SCARA_robot/software/ros_scara_ws/install/micro_ros_agent/include/spdlog/spdlog.h\n'}
[85.052226] (micro_ros_agent) StdoutLine: {'line': b'-- Installing: /home/adrian/Desktop/ROS2_playground/SCARA_robot/software/ros_scara_ws/install/micro_ros_agent/include/spdlog/async.h\n'}
[85.052425] (micro_ros_agent) StdoutLine: {'line': b'-- Installing: /home/adrian/Desktop/ROS2_playground/SCARA_robot/software/ros_scara_ws/install/micro_ros_agent/include/spdlog/async_logger-inl.h\n'}
[85.052639] (micro_ros_agent) StdoutLine: {'line': b'-- Installing: /home/adrian/Desktop/ROS2_playground/SCARA_robot/software/ros_scara_ws/install/micro_ros_agent/include/spdlog/common.h\n'}
[85.052841] (micro_ros_agent) StdoutLine: {'line': b'-- Installing: /home/adrian/Desktop/ROS2_playground/SCARA_robot/software/ros_scara_ws/install/micro_ros_agent/include/spdlog/fwd.h\n'}
[85.053043] (micro_ros_agent) StdoutLine: {'line': b'-- Installing: /home/adrian/Desktop/ROS2_playground/SCARA_robot/software/ros_scara_ws/install/micro_ros_agent/include/spdlog/tweakme.h\n'}
[85.053241] (micro_ros_agent) StdoutLine: {'line': b'-- Installing: /home/adrian/Desktop/ROS2_playground/SCARA_robot/software/ros_scara_ws/install/micro_ros_agent/include/spdlog/version.h\n'}
[85.053448] (micro_ros_agent) StdoutLine: {'line': b'-- Installing: /home/adrian/Desktop/ROS2_playground/SCARA_robot/software/ros_scara_ws/install/micro_ros_agent/include/spdlog/stopwatch.h\n'}
[85.053668] (micro_ros_agent) StdoutLine: {'line': b'-- Installing: /home/adrian/Desktop/ROS2_playground/SCARA_robot/software/ros_scara_ws/install/micro_ros_agent/include/spdlog/pattern_formatter-inl.h\n'}
[85.053920] (micro_ros_agent) StdoutLine: {'line': b'-- Installing: /home/adrian/Desktop/ROS2_playground/SCARA_robot/software/ros_scara_ws/install/micro_ros_agent/include/spdlog/logger-inl.h\n'}
[85.054116] (micro_ros_agent) StdoutLine: {'line': b'-- Installing: /home/adrian/Desktop/ROS2_playground/SCARA_robot/software/ros_scara_ws/install/micro_ros_agent/include/spdlog/details\n'}
[85.054276] (micro_ros_agent) StdoutLine: {'line': b'-- Installing: /home/adrian/Desktop/ROS2_playground/SCARA_robot/software/ros_scara_ws/install/micro_ros_agent/include/spdlog/details/fmt_helper.h\n'}
[85.054477] (micro_ros_agent) StdoutLine: {'line': b'-- Installing: /home/adrian/Desktop/ROS2_playground/SCARA_robot/software/ros_scara_ws/install/micro_ros_agent/include/spdlog/details/os-inl.h\n'}
[85.054705] (micro_ros_agent) StdoutLine: {'line': b'-- Installing: /home/adrian/Desktop/ROS2_playground/SCARA_robot/software/ros_scara_ws/install/micro_ros_agent/include/spdlog/details/registry-inl.h\n'}
[85.054909] (micro_ros_agent) StdoutLine: {'line': b'-- Installing: /home/adrian/Desktop/ROS2_playground/SCARA_robot/software/ros_scara_ws/install/micro_ros_agent/include/spdlog/details/os.h\n'}
[85.055112] (micro_ros_agent) StdoutLine: {'line': b'-- Installing: /home/adrian/Desktop/ROS2_playground/SCARA_robot/software/ros_scara_ws/install/micro_ros_agent/include/spdlog/details/periodic_worker.h\n'}
[85.055311] (micro_ros_agent) StdoutLine: {'line': b'-- Installing: /home/adrian/Desktop/ROS2_playground/SCARA_robot/software/ros_scara_ws/install/micro_ros_agent/include/spdlog/details/windows_include.h\n'}
[85.055522] (micro_ros_agent) StdoutLine: {'line': b'-- Installing: /home/adrian/Desktop/ROS2_playground/SCARA_robot/software/ros_scara_ws/install/micro_ros_agent/include/spdlog/details/periodic_worker-inl.h\n'}
[85.055723] (micro_ros_agent) StdoutLine: {'line': b'-- Installing: /home/adrian/Desktop/ROS2_playground/SCARA_robot/software/ros_scara_ws/install/micro_ros_agent/include/spdlog/details/backtracer-inl.h\n'}
[85.055922] (micro_ros_agent) StdoutLine: {'line': b'-- Installing: /home/adrian/Desktop/ROS2_playground/SCARA_robot/software/ros_scara_ws/install/micro_ros_agent/include/spdlog/details/registry.h\n'}
[85.056120] (micro_ros_agent) StdoutLine: {'line': b'-- Installing: /home/adrian/Desktop/ROS2_playground/SCARA_robot/software/ros_scara_ws/install/micro_ros_agent/include/spdlog/details/file_helper.h\n'}
[85.056317] (micro_ros_agent) StdoutLine: {'line': b'-- Installing: /home/adrian/Desktop/ROS2_playground/SCARA_robot/software/ros_scara_ws/install/micro_ros_agent/include/spdlog/details/file_helper-inl.h\n'}
[85.056526] (micro_ros_agent) StdoutLine: {'line': b'-- Installing: /home/adrian/Desktop/ROS2_playground/SCARA_robot/software/ros_scara_ws/install/micro_ros_agent/include/spdlog/details/tcp_client.h\n'}
[85.056746] (micro_ros_agent) StdoutLine: {'line': b'-- Installing: /home/adrian/Desktop/ROS2_playground/SCARA_robot/software/ros_scara_ws/install/micro_ros_agent/include/spdlog/details/backtracer.h\n'}
[85.056945] (micro_ros_agent) StdoutLine: {'line': b'-- Installing: /home/adrian/Desktop/ROS2_playground/SCARA_robot/software/ros_scara_ws/install/micro_ros_agent/include/spdlog/details/log_msg_buffer-inl.h\n'}
[85.057147] (micro_ros_agent) StdoutLine: {'line': b'-- Installing: /home/adrian/Desktop/ROS2_playground/SCARA_robot/software/ros_scara_ws/install/micro_ros_agent/include/spdlog/details/console_globals.h\n'}
[85.057346] (micro_ros_agent) StdoutLine: {'line': b'-- Installing: /home/adrian/Desktop/ROS2_playground/SCARA_robot/software/ros_scara_ws/install/micro_ros_agent/include/spdlog/details/synchronous_factory.h\n'}
[85.057558] (micro_ros_agent) StdoutLine: {'line': b'-- Installing: /home/adrian/Desktop/ROS2_playground/SCARA_robot/software/ros_scara_ws/install/micro_ros_agent/include/spdlog/details/tcp_client-windows.h\n'}
[85.057767] (micro_ros_agent) StdoutLine: {'line': b'-- Installing: /home/adrian/Desktop/ROS2_playground/SCARA_robot/software/ros_scara_ws/install/micro_ros_agent/include/spdlog/details/log_msg-inl.h\n'}
[85.057962] (micro_ros_agent) StdoutLine: {'line': b'-- Installing: /home/adrian/Desktop/ROS2_playground/SCARA_robot/software/ros_scara_ws/install/micro_ros_agent/include/spdlog/details/log_msg_buffer.h\n'}
[85.058157] (micro_ros_agent) StdoutLine: {'line': b'-- Installing: /home/adrian/Desktop/ROS2_playground/SCARA_robot/software/ros_scara_ws/install/micro_ros_agent/include/spdlog/details/circular_q.h\n'}
[85.058356] (micro_ros_agent) StdoutLine: {'line': b'-- Installing: /home/adrian/Desktop/ROS2_playground/SCARA_robot/software/ros_scara_ws/install/micro_ros_agent/include/spdlog/details/null_mutex.h\n'}
[85.058569] (micro_ros_agent) StdoutLine: {'line': b'-- Installing: /home/adrian/Desktop/ROS2_playground/SCARA_robot/software/ros_scara_ws/install/micro_ros_agent/include/spdlog/details/log_msg.h\n'}
[85.058778] (micro_ros_agent) StdoutLine: {'line': b'-- Installing: /home/adrian/Desktop/ROS2_playground/SCARA_robot/software/ros_scara_ws/install/micro_ros_agent/include/spdlog/details/thread_pool-inl.h\n'}
[85.058983] (micro_ros_agent) StdoutLine: {'line': b'-- Installing: /home/adrian/Desktop/ROS2_playground/SCARA_robot/software/ros_scara_ws/install/micro_ros_agent/include/spdlog/details/mpmc_blocking_q.h\n'}
[85.059187] (micro_ros_agent) StdoutLine: {'line': b'-- Installing: /home/adrian/Desktop/ROS2_playground/SCARA_robot/software/ros_scara_ws/install/micro_ros_agent/include/spdlog/details/thread_pool.h\n'}
[85.059383] (micro_ros_agent) StdoutLine: {'line': b'-- Installing: /home/adrian/Desktop/ROS2_playground/SCARA_robot/software/ros_scara_ws/install/micro_ros_agent/include/spdlog/fmt\n'}
[85.059539] (micro_ros_agent) StdoutLine: {'line': b'-- Installing: /home/adrian/Desktop/ROS2_playground/SCARA_robot/software/ros_scara_ws/install/micro_ros_agent/include/spdlog/fmt/chrono.h\n'}
[85.059748] (micro_ros_agent) StdoutLine: {'line': b'-- Installing: /home/adrian/Desktop/ROS2_playground/SCARA_robot/software/ros_scara_ws/install/micro_ros_agent/include/spdlog/fmt/xchar.h\n'}
[85.059955] (micro_ros_agent) StdoutLine: {'line': b'-- Installing: /home/adrian/Desktop/ROS2_playground/SCARA_robot/software/ros_scara_ws/install/micro_ros_agent/include/spdlog/fmt/compile.h\n'}
[85.060152] (micro_ros_agent) StdoutLine: {'line': b'-- Installing: /home/adrian/Desktop/ROS2_playground/SCARA_robot/software/ros_scara_ws/install/micro_ros_agent/include/spdlog/fmt/fmt.h\n'}
[85.060346] (micro_ros_agent) StdoutLine: {'line': b'-- Installing: /home/adrian/Desktop/ROS2_playground/SCARA_robot/software/ros_scara_ws/install/micro_ros_agent/include/spdlog/fmt/bin_to_hex.h\n'}
[85.060577] (micro_ros_agent) StdoutLine: {'line': b'-- Installing: /home/adrian/Desktop/ROS2_playground/SCARA_robot/software/ros_scara_ws/install/micro_ros_agent/include/spdlog/fmt/ostr.h\n'}
[85.060775] (micro_ros_agent) StdoutLine: {'line': b'-- Installing: /home/adrian/Desktop/ROS2_playground/SCARA_robot/software/ros_scara_ws/install/micro_ros_agent/include/spdlog/fmt/bundled\n'}
[85.060928] (micro_ros_agent) StdoutLine: {'line': b'-- Installing: /home/adrian/Desktop/ROS2_playground/SCARA_robot/software/ros_scara_ws/install/micro_ros_agent/include/spdlog/fmt/bundled/os.h\n'}
[85.061165] (micro_ros_agent) StdoutLine: {'line': b'-- Installing: /home/adrian/Desktop/ROS2_playground/SCARA_robot/software/ros_scara_ws/install/micro_ros_agent/include/spdlog/fmt/bundled/chrono.h\n'}
[85.061422] (micro_ros_agent) StdoutLine: {'line': b'-- Installing: /home/adrian/Desktop/ROS2_playground/SCARA_robot/software/ros_scara_ws/install/micro_ros_agent/include/spdlog/fmt/bundled/xchar.h\n'}
[85.061653] (micro_ros_agent) StdoutLine: {'line': b'-- Installing: /home/adrian/Desktop/ROS2_playground/SCARA_robot/software/ros_scara_ws/install/micro_ros_agent/include/spdlog/fmt/bundled/ranges.h\n'}
[85.061875] (micro_ros_agent) StdoutLine: {'line': b'-- Installing: /home/adrian/Desktop/ROS2_playground/SCARA_robot/software/ros_scara_ws/install/micro_ros_agent/include/spdlog/fmt/bundled/args.h\n'}
[85.062084] (micro_ros_agent) StdoutLine: {'line': b'-- Installing: /home/adrian/Desktop/ROS2_playground/SCARA_robot/software/ros_scara_ws/install/micro_ros_agent/include/spdlog/fmt/bundled/compile.h\n'}
[85.062317] (micro_ros_agent) StdoutLine: {'line': b'-- Installing: /home/adrian/Desktop/ROS2_playground/SCARA_robot/software/ros_scara_ws/install/micro_ros_agent/include/spdlog/fmt/bundled/ostream.h\n'}
[85.062526] (micro_ros_agent) StdoutLine: {'line': b'-- Installing: /home/adrian/Desktop/ROS2_playground/SCARA_robot/software/ros_scara_ws/install/micro_ros_agent/include/spdlog/fmt/bundled/locale.h\n'}
[85.062730] (micro_ros_agent) StdoutLine: {'line': b'-- Installing: /home/adrian/Desktop/ROS2_playground/SCARA_robot/software/ros_scara_ws/install/micro_ros_agent/include/spdlog/fmt/bundled/color.h\n'}
[85.062960] (micro_ros_agent) StdoutLine: {'line': b'-- Installing: /home/adrian/Desktop/ROS2_playground/SCARA_robot/software/ros_scara_ws/install/micro_ros_agent/include/spdlog/fmt/bundled/printf.h\n'}
[85.063193] (micro_ros_agent) StdoutLine: {'line': b'-- Installing: /home/adrian/Desktop/ROS2_playground/SCARA_robot/software/ros_scara_ws/install/micro_ros_agent/include/spdlog/fmt/bundled/core.h\n'}
[85.063535] (micro_ros_agent) StdoutLine: {'line': b'-- Installing: /home/adrian/Desktop/ROS2_playground/SCARA_robot/software/ros_scara_ws/install/micro_ros_agent/include/spdlog/fmt/bundled/format.h\n'}
[85.063892] (micro_ros_agent) StdoutLine: {'line': b'-- Installing: /home/adrian/Desktop/ROS2_playground/SCARA_robot/software/ros_scara_ws/install/micro_ros_agent/include/spdlog/fmt/bundled/format-inl.h\n'}
[85.064231] (micro_ros_agent) StdoutLine: {'line': b'-- Installing: /home/adrian/Desktop/ROS2_playground/SCARA_robot/software/ros_scara_ws/install/micro_ros_agent/include/spdlog/spdlog-inl.h\n'}
[85.064422] (micro_ros_agent) StdoutLine: {'line': b'-- Installing: /home/adrian/Desktop/ROS2_playground/SCARA_robot/software/ros_scara_ws/install/micro_ros_agent/include/spdlog/cfg\n'}
[85.064680] (micro_ros_agent) StdoutLine: {'line': b'-- Installing: /home/adrian/Desktop/ROS2_playground/SCARA_robot/software/ros_scara_ws/install/micro_ros_agent/include/spdlog/cfg/argv.h\n'}
[85.064887] (micro_ros_agent) StdoutLine: {'line': b'-- Installing: /home/adrian/Desktop/ROS2_playground/SCARA_robot/software/ros_scara_ws/install/micro_ros_agent/include/spdlog/cfg/helpers.h\n'}
[85.065052] (micro_ros_agent) StdoutLine: {'line': b'-- Installing: /home/adrian/Desktop/ROS2_playground/SCARA_robot/software/ros_scara_ws/install/micro_ros_agent/include/spdlog/cfg/helpers-inl.h\n'}
[85.065254] (micro_ros_agent) StdoutLine: {'line': b'-- Installing: /home/adrian/Desktop/ROS2_playground/SCARA_robot/software/ros_scara_ws/install/micro_ros_agent/include/spdlog/cfg/env.h\n'}
[85.065452] (micro_ros_agent) StdoutLine: {'line': b'-- Installing: /home/adrian/Desktop/ROS2_playground/SCARA_robot/software/ros_scara_ws/install/micro_ros_agent/include/spdlog/async_logger.h\n'}
[85.065677] (micro_ros_agent) StdoutLine: {'line': b'-- Installing: /home/adrian/Desktop/ROS2_playground/SCARA_robot/software/ros_scara_ws/install/micro_ros_agent/include/spdlog/formatter.h\n'}
[85.065882] (micro_ros_agent) StdoutLine: {'line': b'-- Installing: /home/adrian/Desktop/ROS2_playground/SCARA_robot/software/ros_scara_ws/install/micro_ros_agent/include/spdlog/logger.h\n'}
[85.074980] (-) TimerEvent: {}
[85.095541] (micro_ros_agent) StdoutLine: {'line': b"[ 50%] \x1b[34m\x1b[1mCompleted 'xrceagent'\x1b[0m\n"}
[85.149953] (micro_ros_agent) StdoutLine: {'line': b'[ 50%] Built target xrceagent\n'}
[85.175084] (-) TimerEvent: {}
[85.180912] (micro_ros_agent) StdoutLine: {'line': b"[ 56%] \x1b[34m\x1b[1mCreating directories for 'micro_ros_agent'\x1b[0m\n"}
[85.219914] (micro_ros_agent) StdoutLine: {'line': b"[ 62%] \x1b[34m\x1b[1mNo download step for 'micro_ros_agent'\x1b[0m\n"}
[85.255891] (micro_ros_agent) StdoutLine: {'line': b"[ 68%] \x1b[34m\x1b[1mNo update step for 'micro_ros_agent'\x1b[0m\n"}
[85.275190] (-) TimerEvent: {}
[85.294092] (micro_ros_agent) StdoutLine: {'line': b"[ 75%] \x1b[34m\x1b[1mNo patch step for 'micro_ros_agent'\x1b[0m\n"}
[85.337801] (micro_ros_agent) StdoutLine: {'line': b"[ 81%] \x1b[34m\x1b[1mPerforming configure step for 'micro_ros_agent'\x1b[0m\n"}
[85.354354] (micro_ros_agent) StdoutLine: {'line': b'loading initial cache file /home/adrian/Desktop/ROS2_playground/SCARA_robot/software/ros_scara_ws/build/micro_ros_agent/micro_ros_agent-prefix/tmp/micro_ros_agent-cache-.cmake\n'}
[85.369093] (micro_ros_agent) StdoutLine: {'line': b'-- Found ament_cmake: 2.5.4 (/opt/ros/jazzy/share/ament_cmake/cmake)\n'}
[85.375291] (-) TimerEvent: {}
[85.475547] (-) TimerEvent: {}
[85.575932] (-) TimerEvent: {}
[85.602508] (micro_ros_agent) StdoutLine: {'line': b'-- Found Python3: /home/adrian/py_ros2/bin/python3 (found version "3.12.3") found components: Interpreter \n'}
[85.676250] (-) TimerEvent: {}
[85.776540] (-) TimerEvent: {}
[85.876771] (-) TimerEvent: {}
[85.894378] (micro_ros_agent) StdoutLine: {'line': b'-- Found OpenSSL: /usr/lib/x86_64-linux-gnu/libcrypto.so (found version "3.0.13")  \n'}
[85.902817] (micro_ros_agent) StdoutLine: {'line': b'-- Performing Test CMAKE_HAVE_LIBC_PTHREAD\n'}
[85.976880] (-) TimerEvent: {}
[86.018547] (micro_ros_agent) StdoutLine: {'line': b'-- Performing Test CMAKE_HAVE_LIBC_PTHREAD - Success\n'}
[86.019585] (micro_ros_agent) StdoutLine: {'line': b'-- Found Threads: TRUE  \n'}
[86.035814] (micro_ros_agent) StdoutLine: {'line': b'-- Found rosidl_cmake: 4.6.5 (/opt/ros/jazzy/share/rosidl_cmake/cmake)\n'}
[86.041068] (micro_ros_agent) StdoutLine: {'line': b'-- Found rosidl_adapter: 4.6.5 (/opt/ros/jazzy/share/rosidl_adapter/cmake)\n'}
[86.057277] (micro_ros_agent) StdoutLine: {'line': b'-- Found fastrtps_cmake_module: 3.6.1 (/opt/ros/jazzy/share/fastrtps_cmake_module/cmake)\n'}
[86.063328] (micro_ros_agent) StdoutLine: {'line': b'-- Found rmw_dds_common: 3.1.0 (/opt/ros/jazzy/share/rmw_dds_common/cmake)\n'}
[86.076946] (-) TimerEvent: {}
[86.127897] (micro_ros_agent) StdoutLine: {'line': b'-- Found rosidl_generator_c: 4.6.5 (/opt/ros/jazzy/share/rosidl_generator_c/cmake)\n'}
[86.152260] (micro_ros_agent) StdoutLine: {'line': b'-- Found rosidl_generator_cpp: 4.6.5 (/opt/ros/jazzy/share/rosidl_generator_cpp/cmake)\n'}
[86.164327] (micro_ros_agent) StdoutLine: {'line': b'-- Using all available rosidl_typesupport_c: rosidl_typesupport_fastrtps_c;rosidl_typesupport_introspection_c\n'}
[86.177027] (-) TimerEvent: {}
[86.192274] (micro_ros_agent) StdoutLine: {'line': b'-- Using all available rosidl_typesupport_cpp: rosidl_typesupport_fastrtps_cpp;rosidl_typesupport_introspection_cpp\n'}
[86.225467] (micro_ros_agent) StdoutLine: {'line': b'-- Found rmw_fastrtps_shared_cpp: 8.4.2 (/opt/ros/jazzy/share/rmw_fastrtps_shared_cpp/cmake)\n'}
[86.264365] (micro_ros_agent) StdoutLine: {'line': b'-- Found FastRTPS: /opt/ros/jazzy/include (Required is at least version "2.13") \n'}
[86.269431] (micro_ros_agent) StdoutLine: {'line': b'-- Found ament_lint_auto: 0.17.2 (/opt/ros/jazzy/share/ament_lint_auto/cmake)\n'}
[86.275308] (micro_ros_agent) StdoutLine: {'line': b'-- Found ament_cmake_gtest: 2.5.4 (/opt/ros/jazzy/share/ament_cmake_gtest/cmake)\n'}
[86.276198] (micro_ros_agent) StdoutLine: {'line': b'-- Found micro_ros_msgs: 5.0.2 (/home/adrian/Desktop/ROS2_playground/SCARA_robot/software/ros_scara_ws/install/micro_ros_msgs/share/micro_ros_msgs/cmake)\n'}
[86.277088] (-) TimerEvent: {}
[86.377254] (-) TimerEvent: {}
[86.382298] (micro_ros_agent) StdoutLine: {'line': b'-- Configuring done (1.0s)\n'}
[86.394009] (micro_ros_agent) StdoutLine: {'line': b'-- Generating done (0.0s)\n'}
[86.397773] (micro_ros_agent) StdoutLine: {'line': b'-- Build files have been written to: /home/adrian/Desktop/ROS2_playground/SCARA_robot/software/ros_scara_ws/build/micro_ros_agent\n'}
[86.428696] (micro_ros_agent) StdoutLine: {'line': b"[ 87%] \x1b[34m\x1b[1mPerforming build step for 'micro_ros_agent'\x1b[0m\n"}
[86.477366] (-) TimerEvent: {}
[86.483726] (micro_ros_agent) StdoutLine: {'line': b'[ 33%] \x1b[32mBuilding CXX object CMakeFiles/micro_ros_agent.dir/src/agent/Agent.cpp.o\x1b[0m\n'}
[86.484025] (micro_ros_agent) StdoutLine: {'line': b'[ 33%] \x1b[32mBuilding CXX object CMakeFiles/micro_ros_agent.dir/src/agent/graph_manager/graph_typesupport.cpp.o\x1b[0m\n'}
[86.484184] (micro_ros_agent) StdoutLine: {'line': b'[ 50%] \x1b[32mBuilding CXX object CMakeFiles/micro_ros_agent.dir/src/main.cpp.o\x1b[0m\n'}
[86.484305] (micro_ros_agent) StdoutLine: {'line': b'[ 66%] \x1b[32mBuilding CXX object CMakeFiles/micro_ros_agent.dir/src/agent/graph_manager/graph_manager.cpp.o\x1b[0m\n'}
[86.484548] (micro_ros_agent) StdoutLine: {'line': b'[ 83%] \x1b[32mBuilding CXX object CMakeFiles/micro_ros_agent.dir/src/agent/utils/demangle.cpp.o\x1b[0m\n'}
[86.577498] (-) TimerEvent: {}
[86.677838] (-) TimerEvent: {}
[86.778224] (-) TimerEvent: {}
[86.878581] (-) TimerEvent: {}
[86.978974] (-) TimerEvent: {}
[87.079385] (-) TimerEvent: {}
[87.179839] (-) TimerEvent: {}
[87.280245] (-) TimerEvent: {}
[87.380638] (-) TimerEvent: {}
[87.481011] (-) TimerEvent: {}
[87.581388] (-) TimerEvent: {}
[87.681781] (-) TimerEvent: {}
[87.782184] (-) TimerEvent: {}
[87.882570] (-) TimerEvent: {}
[87.982939] (-) TimerEvent: {}
[88.083299] (-) TimerEvent: {}
[88.183688] (-) TimerEvent: {}
[88.284051] (-) TimerEvent: {}
[88.384427] (-) TimerEvent: {}
[88.484824] (-) TimerEvent: {}
[88.585196] (-) TimerEvent: {}
[88.685548] (-) TimerEvent: {}
[88.785877] (-) TimerEvent: {}
[88.886284] (-) TimerEvent: {}
[88.986661] (-) TimerEvent: {}
[89.086996] (-) TimerEvent: {}
[89.187275] (-) TimerEvent: {}
[89.287623] (-) TimerEvent: {}
[89.387950] (-) TimerEvent: {}
[89.488271] (-) TimerEvent: {}
[89.588635] (-) TimerEvent: {}
[89.688971] (-) TimerEvent: {}
[89.789313] (-) TimerEvent: {}
[89.889605] (-) TimerEvent: {}
[89.989927] (-) TimerEvent: {}
[90.090256] (-) TimerEvent: {}
[90.190565] (-) TimerEvent: {}
[90.292566] (-) TimerEvent: {}
[90.393022] (-) TimerEvent: {}
[90.493414] (-) TimerEvent: {}
[90.593801] (-) TimerEvent: {}
[90.694091] (-) TimerEvent: {}
[90.794360] (-) TimerEvent: {}
[90.894630] (-) TimerEvent: {}
[90.975239] (micro_ros_agent) StdoutLine: {'line': b'[100%] \x1b[32m\x1b[1mLinking CXX executable micro_ros_agent\x1b[0m\n'}
[90.994748] (-) TimerEvent: {}
[91.095097] (-) TimerEvent: {}
[91.195435] (-) TimerEvent: {}
[91.295817] (-) TimerEvent: {}
[91.385626] (micro_ros_agent) StdoutLine: {'line': b'[100%] Built target micro_ros_agent\n'}
[91.395894] (-) TimerEvent: {}
[91.419920] (micro_ros_agent) StdoutLine: {'line': b"\x1b[34m\x1b[1mNo install step for 'micro_ros_agent'\x1b[0m\n"}
[91.453427] (micro_ros_agent) StdoutLine: {'line': b"\x1b[34m\x1b[1mCompleted 'micro_ros_agent'\x1b[0m\n"}
[91.492843] (micro_ros_agent) StdoutLine: {'line': b'Built target micro_ros_agent\n'}
[91.495970] (-) TimerEvent: {}
[91.505993] (micro_ros_agent) CommandEnded: {'returncode': 0}
[91.506829] (micro_ros_agent) JobProgress: {'identifier': 'micro_ros_agent', 'progress': 'install'}
[91.507374] (micro_ros_agent) Command: {'cmd': ['/usr/bin/cmake', '--install', '/home/adrian/Desktop/ROS2_playground/SCARA_robot/software/ros_scara_ws/build/micro_ros_agent'], 'cwd': '/home/adrian/Desktop/ROS2_playground/SCARA_robot/software/ros_scara_ws/build/micro_ros_agent', 'env': OrderedDict({'TMUX': '/tmp/tmux-1000/default,3223,0', 'LANGUAGE': 'en_US:en', 'USER': 'adrian', 'LC_TIME': 'es_MX.UTF-8', 'GZ_CONFIG_PATH': '/opt/ros/jazzy/opt/gz_sim_vendor/share/gz:/opt/ros/jazzy/opt/sdformat_vendor/share/gz:/opt/ros/jazzy/opt/gz_gui_vendor/share/gz:/opt/ros/jazzy/opt/gz_transport_vendor/share/gz:/opt/ros/jazzy/opt/gz_rendering_vendor/share/gz:/opt/ros/jazzy/opt/gz_plugin_vendor/share/gz:/opt/ros/jazzy/opt/gz_fuel_tools_vendor/share/gz:/opt/ros/jazzy/opt/gz_msgs_vendor/share/gz:/opt/ros/jazzy/opt/gz_common_vendor/share/gz', 'PT8HOME': '/opt/pt', 'XDG_SESSION_TYPE': 'x11', 'GIT_ASKPASS': '/usr/share/code/resources/app/extensions/git/dist/askpass.sh', 'CLUTTER_DISABLE_MIPMAPPED_TEXT': '1', 'SHLVL': '4', 'LD_LIBRARY_PATH': '/home/adrian/Desktop/ROS2_playground/SCARA_robot/software/ros_scara_ws/install/micro_ros_msgs/lib:/home/adrian/Desktop/ROS2_playground/SCARA_robot/software/ros_scara_ws/install/custom_msg_svrs/lib:/opt/ros/jazzy/opt/gz_sim_vendor/lib:/opt/ros/jazzy/opt/gz_sensors_vendor/lib:/opt/ros/jazzy/opt/gz_physics_vendor/lib:/opt/ros/jazzy/opt/sdformat_vendor/lib:/opt/ros/jazzy/opt/rviz_ogre_vendor/lib:/opt/ros/jazzy/lib/x86_64-linux-gnu:/opt/ros/jazzy/opt/gz_gui_vendor/lib:/opt/ros/jazzy/opt/gz_transport_vendor/lib:/opt/ros/jazzy/opt/gz_rendering_vendor/lib:/opt/ros/jazzy/opt/gz_plugin_vendor/lib:/opt/ros/jazzy/opt/gz_fuel_tools_vendor/lib:/opt/ros/jazzy/opt/gz_msgs_vendor/lib:/opt/ros/jazzy/opt/gz_common_vendor/lib:/opt/ros/jazzy/opt/gz_math_vendor/lib:/opt/ros/jazzy/opt/gz_utils_vendor/lib:/opt/ros/jazzy/opt/gz_tools_vendor/lib:/opt/ros/jazzy/opt/gz_ogre_next_vendor/lib:/opt/ros/jazzy/opt/gz_dartsim_vendor/lib:/opt/ros/jazzy/opt/gz_cmake_vendor/lib:/opt/ros/jazzy/lib', 'HOME': '/home/adrian', 'CHROME_DESKTOP': 'code.desktop', 'OLDPWD': '/home/adrian/Desktop/ROS2_playground/SCARA_robot/software', 'TERM_PROGRAM_VERSION': '1.98.0', 'DESKTOP_SESSION': 'ubuntu', 'ROS_PYTHON_VERSION': '3', 'GNOME_SHELL_SESSION_MODE': 'ubuntu', 'GTK_MODULES': 'gail:atk-bridge', 'VSCODE_GIT_ASKPASS_MAIN': '/usr/share/code/resources/app/extensions/git/dist/askpass-main.js', 'LC_MONETARY': 'es_MX.UTF-8', 'VSCODE_GIT_ASKPASS_NODE': '/usr/share/code/code', 'P9K_TTY': 'old', 'PYDEVD_DISABLE_FILE_VALIDATION': '1', 'SYSTEMD_EXEC_PID': '2154', 'BUNDLED_DEBUGPY_PATH': '/home/adrian/.vscode/extensions/ms-python.debugpy-2025.8.0-linux-x64/bundled/libs/debugpy', 'GSM_SKIP_SSH_AGENT_WORKAROUND': 'true', 'DBUS_SESSION_BUS_ADDRESS': 'unix:path=/run/user/1000/bus', 'COLORTERM': 'truecolor', 'ZPFX': '/home/adrian/.local/share/zinit/polaris', 'DEBUGINFOD_URLS': 'https://debuginfod.ubuntu.com', 'COLCON_PREFIX_PATH': '/home/adrian/Desktop/ROS2_playground/SCARA_robot/software/ros_scara_ws/install', 'ROS_DISTRO': 'jazzy', 'LOGNAME': 'adrian', '_P9K_SSH_TTY': '/dev/pts/1', '_': '/usr/bin/colcon', 'ROS_VERSION': '2', 'USER_ZDOTDIR': '/home/adrian', 'MEMORY_PRESSURE_WATCH': '/sys/fs/cgroup/user.slice/user-1000.slice/user@1000.service/session.slice/org.gnome.Shell@x11.service/memory.pressure', 'XDG_SESSION_CLASS': 'user', 'FUNCNEST': '100', 'USERNAME': 'adrian', 'TERM': 'xterm-256color', 'GNOME_DESKTOP_SESSION_ID': 'this-is-deprecated', 'ZSH_CACHE_DIR': '/home/adrian/.cache/zinit', 'PMSPEC': '0uUpiPsf', 'WINDOWPATH': '2', 'PATH': '/home/adrian/.vscode/extensions/ms-python.python-2025.6.1-linux-x64/python_files/deactivate/zsh:/home/adrian/py_ros2/bin:/home/adrian/.vscode/extensions/ms-python.python-2025.6.1-linux-x64/python_files/deactivate/zsh:/home/adrian/py_ros2/bin:/opt/ros/jazzy/opt/gz_msgs_vendor/bin:/opt/ros/jazzy/opt/gz_tools_vendor/bin:/opt/ros/jazzy/opt/gz_ogre_next_vendor/bin:/opt/ros/jazzy/bin:/home/adrian/.local/share/zinit/polaris/bin:/home/adrian/.local/bin:/usr/local/sbin:/usr/local/bin:/usr/sbin:/usr/bin:/sbin:/bin:/usr/games:/usr/local/games:/snap/bin:/snap/bin', 'SESSION_MANAGER': 'local/laptop:@/tmp/.ICE-unix/2111,unix/laptop:/tmp/.ICE-unix/2111', 'PAPERSIZE': 'letter', 'XDG_MENU_PREFIX': 'gnome-', 'LC_ADDRESS': 'es_MX.UTF-8', 'GNOME_TERMINAL_SCREEN': '/org/gnome/Terminal/screen/7339cad8_772e_4bef_82e4_80f6ab1fe53c', 'XDG_RUNTIME_DIR': '/run/user/1000', 'GDK_BACKEND': 'x11', 'DISPLAY': ':0', 'VSCODE_DEBUGPY_ADAPTER_ENDPOINTS': '/home/adrian/.vscode/extensions/ms-python.debugpy-2025.8.0-linux-x64/.noConfigDebugAdapterEndpoints/endpoint-d384532af5ea6b98.txt', 'VSCODE_INJECTION': '1', 'LANG': 'en_US.UTF-8', 'XDG_CURRENT_DESKTOP': 'Unity', 'LC_TELEPHONE': 'es_MX.UTF-8', 'XMODIFIERS': '@im=ibus', 'XDG_SESSION_DESKTOP': 'ubuntu', 'XAUTHORITY': '/run/user/1000/gdm/Xauthority', 'VSCODE_GIT_IPC_HANDLE': '/run/user/1000/vscode-git-961a0a0869.sock', 'GNOME_TERMINAL_SERVICE': ':1.99', 'TERM_PROGRAM': 'vscode', 'SSH_AUTH_SOCK': '/run/user/1000/keyring/ssh', 'ROS_DOMAIN_ID': '0', 'AMENT_PREFIX_PATH': '/home/adrian/Desktop/ROS2_playground/SCARA_robot/software/ros_scara_ws/install/micro_ros_msgs:/home/adrian/Desktop/ROS2_playground/SCARA_robot/software/ros_scara_ws/install/scara_control:/home/adrian/Desktop/ROS2_playground/SCARA_robot/software/ros_scara_ws/install/plc_chat:/home/adrian/Desktop/ROS2_playground/SCARA_robot/software/ros_scara_ws/install/micro_ros_setup:/home/adrian/Desktop/ROS2_playground/SCARA_robot/software/ros_scara_ws/install/custom_msg_svrs:/home/adrian/Desktop/ROS2_playground/SCARA_robot/software/ros_scara_ws/install/box_detector:/opt/ros/jazzy', 'ORIGINAL_XDG_CURRENT_DESKTOP': 'ubuntu:GNOME', 'SHELL': '/bin/zsh', 'LC_NAME': 'es_MX.UTF-8', 'QT_ACCESSIBILITY': '1', 'GIT_DISCOVERY_ACROSS_FILESYSTEM': '1', 'GDMSESSION': 'ubuntu', 'IGN_GAZEBO_RESOURCE_PATH': '/opt/ros/jazzy/share', 'LC_MEASUREMENT': 'es_MX.UTF-8', 'GPG_AGENT_INFO': '/run/user/1000/gnupg/S.gpg-agent:0:1', 'LC_IDENTIFICATION': 'es_MX.UTF-8', 'P9K_SSH': '0', 'ROS_AUTOMATIC_DISCOVERY_RANGE': 'SUBNET', 'VSCODE_GIT_ASKPASS_EXTRA_ARGS': '', 'VSCODE_NONCE': '2f39c552-07d1-43c0-8743-a3d11540787b', 'QT_IM_MODULE': 'ibus', 'PWD': '/home/adrian/Desktop/ROS2_playground/SCARA_robot/software/ros_scara_ws/build/micro_ros_agent', 'LC_ALL': 'en_US.UTF-8', 'XDG_CONFIG_DIRS': '/etc/xdg/xdg-ubuntu:/etc/xdg', '_P9K_TTY': '/dev/pts/1', 'ZDOTDIR': '/home/adrian', 'XDG_DATA_DIRS': '/usr/share/ubuntu:/usr/share/gnome:/usr/local/share/:/usr/share/:/var/lib/snapd/desktop', 'PYTHONPATH': '/home/adrian/Desktop/ROS2_playground/SCARA_robot/software/ros_scara_ws/install/micro_ros_msgs/lib/python3.12/site-packages:/home/adrian/Desktop/ROS2_playground/SCARA_robot/software/ros_scara_ws/install/scara_control/lib/python3.12/site-packages:/home/adrian/Desktop/ROS2_playground/SCARA_robot/software/ros_scara_ws/install/plc_chat/lib/python3.12/site-packages:/home/adrian/Desktop/ROS2_playground/SCARA_robot/software/ros_scara_ws/install/custom_msg_svrs/lib/python3.12/site-packages:/home/adrian/Desktop/ROS2_playground/SCARA_robot/software/ros_scara_ws/install/box_detector/lib/python3.12/site-packages:/opt/ros/jazzy/lib/python3.12/site-packages', 'LC_NUMERIC': 'es_MX.UTF-8', 'TMUX_PLUGIN_MANAGER_PATH': '/home/adrian/.tmux/plugins/', 'LC_PAPER': 'es_MX.UTF-8', 'COLCON': '1', 'MEMORY_PRESSURE_WRITE': 'c29tZSAyMDAwMDAgMjAwMDAwMAA=', 'VTE_VERSION': '7600', 'TMUX_PANE': '%3', 'CMAKE_PREFIX_PATH': '/home/adrian/Desktop/ROS2_playground/SCARA_robot/software/ros_scara_ws/install/micro_ros_msgs:/home/adrian/Desktop/ROS2_playground/SCARA_robot/software/ros_scara_ws/install/micro_ros_setup:/home/adrian/Desktop/ROS2_playground/SCARA_robot/software/ros_scara_ws/install/custom_msg_svrs:/opt/ros/jazzy/opt/gz_sim_vendor:/opt/ros/jazzy/opt/gz_sensors_vendor:/opt/ros/jazzy/opt/gz_physics_vendor:/opt/ros/jazzy/opt/sdformat_vendor:/opt/ros/jazzy/opt/gz_gui_vendor:/opt/ros/jazzy/opt/gz_transport_vendor:/opt/ros/jazzy/opt/gz_rendering_vendor:/opt/ros/jazzy/opt/gz_plugin_vendor:/opt/ros/jazzy/opt/gz_fuel_tools_vendor:/opt/ros/jazzy/opt/gz_msgs_vendor:/opt/ros/jazzy/opt/gz_common_vendor:/opt/ros/jazzy/opt/gz_math_vendor:/opt/ros/jazzy/opt/gz_utils_vendor:/opt/ros/jazzy/opt/gz_tools_vendor:/opt/ros/jazzy/opt/gz_ogre_next_vendor:/opt/ros/jazzy/opt/gz_dartsim_vendor:/opt/ros/jazzy/opt/gz_cmake_vendor:/home/adrian/Desktop/ROS2_playground/SCARA_robot/software/ros_scara_ws/install/scara_control:/home/adrian/Desktop/ROS2_playground/SCARA_robot/software/ros_scara_ws/install/plc_chat:/home/adrian/Desktop/ROS2_playground/SCARA_robot/software/ros_scara_ws/install/box_detector:/opt/ros/jazzy', 'LIBGL_DRIVERS_PATH': '/usr/lib/x86_64-linux-gnu/dri'}), 'shell': False}
[91.517917] (micro_ros_agent) StdoutLine: {'line': b'-- Install configuration: ""\n'}
[91.518171] (micro_ros_agent) StdoutLine: {'line': b'-- Installing: /home/adrian/Desktop/ROS2_playground/SCARA_robot/software/ros_scara_ws/install/micro_ros_agent/share/ament_index/resource_index/package_run_dependencies/micro_ros_agent\n'}
[91.518469] (micro_ros_agent) StdoutLine: {'line': b'-- Installing: /home/adrian/Desktop/ROS2_playground/SCARA_robot/software/ros_scara_ws/install/micro_ros_agent/share/ament_index/resource_index/parent_prefix_path/micro_ros_agent\n'}
[91.518810] (micro_ros_agent) StdoutLine: {'line': b'-- Installing: /home/adrian/Desktop/ROS2_playground/SCARA_robot/software/ros_scara_ws/install/micro_ros_agent/share/micro_ros_agent/environment/ament_prefix_path.sh\n'}
[91.518968] (micro_ros_agent) StdoutLine: {'line': b'-- Installing: /home/adrian/Desktop/ROS2_playground/SCARA_robot/software/ros_scara_ws/install/micro_ros_agent/share/micro_ros_agent/environment/ament_prefix_path.dsv\n'}
[91.519183] (micro_ros_agent) StdoutLine: {'line': b'-- Installing: /home/adrian/Desktop/ROS2_playground/SCARA_robot/software/ros_scara_ws/install/micro_ros_agent/share/micro_ros_agent/environment/path.sh\n'}
[91.519340] (micro_ros_agent) StdoutLine: {'line': b'-- Installing: /home/adrian/Desktop/ROS2_playground/SCARA_robot/software/ros_scara_ws/install/micro_ros_agent/share/micro_ros_agent/environment/path.dsv\n'}
[91.519635] (micro_ros_agent) StdoutLine: {'line': b'-- Installing: /home/adrian/Desktop/ROS2_playground/SCARA_robot/software/ros_scara_ws/install/micro_ros_agent/share/micro_ros_agent/local_setup.bash\n'}
[91.519889] (micro_ros_agent) StdoutLine: {'line': b'-- Installing: /home/adrian/Desktop/ROS2_playground/SCARA_robot/software/ros_scara_ws/install/micro_ros_agent/share/micro_ros_agent/local_setup.sh\n'}
[91.520076] (micro_ros_agent) StdoutLine: {'line': b'-- Installing: /home/adrian/Desktop/ROS2_playground/SCARA_robot/software/ros_scara_ws/install/micro_ros_agent/share/micro_ros_agent/local_setup.zsh\n'}
[91.520318] (micro_ros_agent) StdoutLine: {'line': b'-- Installing: /home/adrian/Desktop/ROS2_playground/SCARA_robot/software/ros_scara_ws/install/micro_ros_agent/share/micro_ros_agent/local_setup.dsv\n'}
[91.520631] (micro_ros_agent) StdoutLine: {'line': b'-- Installing: /home/adrian/Desktop/ROS2_playground/SCARA_robot/software/ros_scara_ws/install/micro_ros_agent/share/micro_ros_agent/package.dsv\n'}
[91.520887] (micro_ros_agent) StdoutLine: {'line': b'-- Installing: /home/adrian/Desktop/ROS2_playground/SCARA_robot/software/ros_scara_ws/install/micro_ros_agent/share/ament_index/resource_index/packages/micro_ros_agent\n'}
[91.521113] (micro_ros_agent) StdoutLine: {'line': b'-- Installing: /home/adrian/Desktop/ROS2_playground/SCARA_robot/software/ros_scara_ws/install/micro_ros_agent/share/micro_ros_agent/cmake/ament_cmake_export_dependencies-extras.cmake\n'}
[91.521287] (micro_ros_agent) StdoutLine: {'line': b'-- Installing: /home/adrian/Desktop/ROS2_playground/SCARA_robot/software/ros_scara_ws/install/micro_ros_agent/share/micro_ros_agent/cmake/micro_ros_agentConfig.cmake\n'}
[91.521432] (micro_ros_agent) StdoutLine: {'line': b'-- Installing: /home/adrian/Desktop/ROS2_playground/SCARA_robot/software/ros_scara_ws/install/micro_ros_agent/share/micro_ros_agent/cmake/micro_ros_agentConfig-version.cmake\n'}
[91.521676] (micro_ros_agent) StdoutLine: {'line': b'-- Installing: /home/adrian/Desktop/ROS2_playground/SCARA_robot/software/ros_scara_ws/install/micro_ros_agent/share/micro_ros_agent/package.xml\n'}
[91.522394] (micro_ros_agent) StdoutLine: {'line': b'-- Installing: /home/adrian/Desktop/ROS2_playground/SCARA_robot/software/ros_scara_ws/install/micro_ros_agent/lib/micro_ros_agent/micro_ros_agent\n'}
[91.523438] (micro_ros_agent) StdoutLine: {'line': b'-- Set non-toolchain portion of runtime path of "/home/adrian/Desktop/ROS2_playground/SCARA_robot/software/ros_scara_ws/install/micro_ros_agent/lib/micro_ros_agent/micro_ros_agent" to ""\n'}
[91.523588] (micro_ros_agent) StdoutLine: {'line': b'-- Installing: /home/adrian/Desktop/ROS2_playground/SCARA_robot/software/ros_scara_ws/install/micro_ros_agent/share/micro_ros_agent/launch\n'}
[91.523712] (micro_ros_agent) StdoutLine: {'line': b'-- Installing: /home/adrian/Desktop/ROS2_playground/SCARA_robot/software/ros_scara_ws/install/micro_ros_agent/share/micro_ros_agent/launch/micro_ros_agent_launch.py\n'}
[91.525697] (micro_ros_agent) CommandEnded: {'returncode': 0}
[91.540509] (micro_ros_agent) JobEnded: {'identifier': 'micro_ros_agent', 'rc': 0}
[91.541385] (-) EventReactorShutdown: {}
